Ensure the project source is trustworthy before proceeding.

[ohpm install] Running...
[32minstall completed in 0s 67ms[39m

[hvigor sync] Skipped (configurations unchanged)

[hvigor build] Running...
> hvigor [32mUP-TO-DATE :entry:default@PreBuild...  [39m
> hvigor [32mUP-TO-DATE :colorLibrary:default@PreBuild...  [39m
> hvigor [32mFinished :entry:default@CreateModuleInfo... after 1 ms [39m
> hvigor [32mUP-TO-DATE :entry:default@GenerateMetadata...  [39m
> hvigor [32mFinished :entry:default@PreCheckSyscap... after 1 ms [39m
> hvigor [32mFinished :entry:default@GeneratePkgContextInfo... after 6 ms [39m
> hvigor [32mUP-TO-DATE :entry:default@GeneratePkgSdkInfo...  [39m
> hvigor [32mFinished :entry:default@ProcessIntegratedHsp... after 1 ms [39m
> hvigor [32mUP-TO-DATE :colorLibrary:default@CreateHarBuildProfile...  [39m
> hvigor [32mFinished :colorLibrary:default@ConfigureCmake... after 1 ms [39m
> hvigor [32mUP-TO-DATE :colorLibrary:default@MergeProfile...  [39m
> hvigor [32mFinished :entry:default@SyscapTransform... after 2 ms [39m
> hvigor [32mUP-TO-DATE :entry:default@ProcessRouterMap...  [39m
> hvigor [32mUP-TO-DATE :entry:default@ProcessShareConfig...  [39m
> hvigor [32mFinished :entry:default@ProcessStartupConfig... after 1 ms [39m
> hvigor [32mUP-TO-DATE :entry:default@CreateBuildProfile...  [39m
> hvigor [32mFinished :colorLibrary:default@BuildNativeWithCmake... after 1 ms [39m
> hvigor [32mUP-TO-DATE :entry:default@MergeProfile...  [39m
> hvigor [32mUP-TO-DATE :entry:default@GenerateLoaderJson...  [39m
> hvigor [32mFinished :entry:default@ConfigureCmake... after 3 ms [39m
> hvigor [32mFinished :colorLibrary:default@BuildNativeWithNinja... after 1 ms [39m
> hvigor [32mUP-TO-DATE :entry:default@MakePackInfo...  [39m
> hvigor [32mUP-TO-DATE :entry:default@ProcessProfile...  [39m
> hvigor [32mFinished :entry:default@BuildNativeWithCmake... after 8 ms [39m
> hvigor [32mUP-TO-DATE :colorLibrary:default@ProcessLibs...  [39m
> hvigor [32mUP-TO-DATE :entry:default@ProcessResource...  [39m
> hvigor [32mUP-TO-DATE :colorLibrary:default@DoNativeStrip...  [39m
> hvigor [32mUP-TO-DATE :entry:default@CompileResource...  [39m
> hvigor [32mFinished :entry:default@BuildJS... after 3 ms [39m
> hvigor [32mFinished :entry:default@BuildNativeWithNinja... after 49 ms [39m
> hvigor [32mUP-TO-DATE :entry:default@ProcessLibs...  [39m
> hvigor [32mUP-TO-DATE :entry:default@DoNativeStrip...  [39m
> hvigor [32mUP-TO-DATE :entry:default@CacheNativeLibs...  [39m
> hvigor WARN: WARN: ArkTS:WARN File: D:/Arkts/3.8.11/legado-harmonydsh/oh_modules/.ohpm/@pura+harmony-utils@1.3.2/oh_modules/@pura/harmony-utils/src/main/ets/utils/EmitterUtil.ets:47:16
 Argument of type 'T | undefined' is not assignable to parameter of type 'T'.
  'T' could be instantiated with an arbitrary type which could be unrelated to 'T | undefined'.

WARN: ArkTS:WARN File: D:/Arkts/3.8.11/legado-harmonydsh/oh_modules/.ohpm/@pura+harmony-utils@1.3.2/oh_modules/@pura/harmony-utils/src/main/ets/utils/EmitterUtil.ets:59:16
 Argument of type 'T | undefined' is not assignable to parameter of type 'T'.
  'T' could be instantiated with an arbitrary type which could be unrelated to 'T | undefined'.

WARN: ArkTS:WARN File: D:/Arkts/3.8.11/legado-harmonydsh/entry/src/main/ets/pages/view/Reader/ReaderPage3.ets:1283:13
 Function may throw exceptions. Special handling is required.

WARN: ArkTS:WARN: For details about ArkTS syntax errors, see FAQs
WARN: ArkTS:WARN File: D:/Arkts/3.8.11/legado-harmonydsh/entry/src/main/ets/common/utils/DbUtil.ets:261:14
 Function may throw exceptions. Special handling is required.

WARN: ArkTS:WARN File: D:/Arkts/3.8.11/legado-harmonydsh/entry/src/main/ets/common/utils/utils.ets:7:51
 To use this API, you need to apply for the permissions: ohos.permission.READ_PASTEBOARD

WARN: ArkTS:WARN File: D:/Arkts/3.8.11/legado-harmonydsh/oh_modules/.ohpm/@pura+harmony-utils@1.3.2/oh_modules/@pura/harmony-utils/src/main/ets/utils/StrUtil.ets:275:19
 Function may throw exceptions. Special handling is required.

WARN: ArkTS:WARN File: D:/Arkts/3.8.11/legado-harmonydsh/oh_modules/.ohpm/@pura+harmony-utils@1.3.2/oh_modules/@pura/harmony-utils/src/main/ets/utils/StrUtil.ets:347:24
 Function may throw exceptions. Special handling is required.

WARN: ArkTS:WARN File: D:/Arkts/3.8.11/legado-harmonydsh/oh_modules/.ohpm/@pura+harmony-utils@1.3.2/oh_modules/@pura/harmony-utils/src/main/ets/utils/PreferencesUtil.ets:40:53
 Function may throw exceptions. Special handling is required.

WARN: ArkTS:WARN File: D:/Arkts/3.8.11/legado-harmonydsh/oh_modules/.ohpm/@pura+harmony-utils@1.3.2/oh_modules/@pura/harmony-utils/src/main/ets/utils/PreferencesUtil.ets:52:30
 Function may throw exceptions. Special handling is required.

WARN: ArkTS:WARN File: D:/Arkts/3.8.11/legado-harmonydsh/oh_modules/.ohpm/@pura+harmony-utils@1.3.2/oh_modules/@pura/harmony-utils/src/main/ets/utils/PreferencesUtil.ets:54:53
 Function may throw exceptions. Special handling is required.

WARN: ArkTS:WARN File: D:/Arkts/3.8.11/legado-harmonydsh/oh_modules/.ohpm/@pura+harmony-utils@1.3.2/oh_modules/@pura/harmony-utils/src/main/ets/utils/PreferencesUtil.ets:66:36
 Function may throw exceptions. Special handling is required.

WARN: ArkTS:WARN File: D:/Arkts/3.8.11/legado-harmonydsh/oh_modules/.ohpm/@pura+harmony-utils@1.3.2/oh_modules/@pura/harmony-utils/src/main/ets/utils/PreferencesUtil.ets:68:59
 Function may throw exceptions. Special handling is required.

WARN: ArkTS:WARN File: D:/Arkts/3.8.11/legado-harmonydsh/oh_modules/.ohpm/@pura+harmony-utils@1.3.2/oh_modules/@pura/harmony-utils/src/main/ets/utils/PreferencesUtil.ets:82:17
 Function may throw exceptions. Special handling is required.

WARN: ArkTS:WARN File: D:/Arkts/3.8.11/legado-harmonydsh/oh_modules/.ohpm/@pura+harmony-utils@1.3.2/oh_modules/@pura/harmony-utils/src/main/ets/utils/PreferencesUtil.ets:83:17
 Function may throw exceptions. Special handling is required.

WARN: ArkTS:WARN File: D:/Arkts/3.8.11/legado-harmonydsh/oh_modules/.ohpm/@pura+harmony-utils@1.3.2/oh_modules/@pura/harmony-utils/src/main/ets/utils/PreferencesUtil.ets:94:23
 Function may throw exceptions. Special handling is required.

WARN: ArkTS:WARN File: D:/Arkts/3.8.11/legado-harmonydsh/oh_modules/.ohpm/@pura+harmony-utils@1.3.2/oh_modules/@pura/harmony-utils/src/main/ets/utils/PreferencesUtil.ets:95:23
 Function may throw exceptions. Special handling is required.

WARN: ArkTS:WARN File: D:/Arkts/3.8.11/legado-harmonydsh/oh_modules/.ohpm/@pura+harmony-utils@1.3.2/oh_modules/@pura/harmony-utils/src/main/ets/utils/PreferencesUtil.ets:108:24
 Function may throw exceptions. Special handling is required.

WARN: ArkTS:WARN File: D:/Arkts/3.8.11/legado-harmonydsh/oh_modules/.ohpm/@pura+harmony-utils@1.3.2/oh_modules/@pura/harmony-utils/src/main/ets/utils/PreferencesUtil.ets:120:24
 Function may throw exceptions. Special handling is required.

WARN: ArkTS:WARN File: D:/Arkts/3.8.11/legado-harmonydsh/oh_modules/.ohpm/@pura+harmony-utils@1.3.2/oh_modules/@pura/harmony-utils/src/main/ets/utils/PreferencesUtil.ets:196:63
 Function may throw exceptions. Special handling is required.

WARN: ArkTS:WARN File: D:/Arkts/3.8.11/legado-harmonydsh/oh_modules/.ohpm/@pura+harmony-utils@1.3.2/oh_modules/@pura/harmony-utils/src/main/ets/utils/PreferencesUtil.ets:206:24
 Function may throw exceptions. Special handling is required.

WARN: ArkTS:WARN File: D:/Arkts/3.8.11/legado-harmonydsh/oh_modules/.ohpm/@pura+harmony-utils@1.3.2/oh_modules/@pura/harmony-utils/src/main/ets/utils/PreferencesUtil.ets:218:17
 Function may throw exceptions. Special handling is required.

WARN: ArkTS:WARN File: D:/Arkts/3.8.11/legado-harmonydsh/oh_modules/.ohpm/@pura+harmony-utils@1.3.2/oh_modules/@pura/harmony-utils/src/main/ets/utils/PreferencesUtil.ets:219:17
 Function may throw exceptions. Special handling is required.

WARN: ArkTS:WARN File: D:/Arkts/3.8.11/legado-harmonydsh/oh_modules/.ohpm/@pura+harmony-utils@1.3.2/oh_modules/@pura/harmony-utils/src/main/ets/utils/PreferencesUtil.ets:230:23
 Function may throw exceptions. Special handling is required.

WARN: ArkTS:WARN File: D:/Arkts/3.8.11/legado-harmonydsh/oh_modules/.ohpm/@pura+harmony-utils@1.3.2/oh_modules/@pura/harmony-utils/src/main/ets/utils/PreferencesUtil.ets:231:24
 Function may throw exceptions. Special handling is required.

WARN: ArkTS:WARN File: D:/Arkts/3.8.11/legado-harmonydsh/oh_modules/.ohpm/@pura+harmony-utils@1.3.2/oh_modules/@pura/harmony-utils/src/main/ets/utils/PreferencesUtil.ets:243:17
 Function may throw exceptions. Special handling is required.

WARN: ArkTS:WARN File: D:/Arkts/3.8.11/legado-harmonydsh/oh_modules/.ohpm/@pura+harmony-utils@1.3.2/oh_modules/@pura/harmony-utils/src/main/ets/utils/PreferencesUtil.ets:253:23
 Function may throw exceptions. Special handling is required.

WARN: ArkTS:WARN File: D:/Arkts/3.8.11/legado-harmonydsh/oh_modules/.ohpm/@pura+harmony-utils@1.3.2/oh_modules/@pura/harmony-utils/src/main/ets/utils/PreferencesUtil.ets:254:24
 Function may throw exceptions. Special handling is required.

WARN: ArkTS:WARN File: D:/Arkts/3.8.11/legado-harmonydsh/oh_modules/.ohpm/@pura+harmony-utils@1.3.2/oh_modules/@pura/harmony-utils/src/main/ets/utils/PreferencesUtil.ets:264:28
 Function may throw exceptions. Special handling is required.

WARN: ArkTS:WARN File: D:/Arkts/3.8.11/legado-harmonydsh/oh_modules/.ohpm/@pura+harmony-utils@1.3.2/oh_modules/@pura/harmony-utils/src/main/ets/utils/PreferencesUtil.ets:275:17
 Function may throw exceptions. Special handling is required.

WARN: ArkTS:WARN File: D:/Arkts/3.8.11/legado-harmonydsh/oh_modules/.ohpm/@pura+harmony-utils@1.3.2/oh_modules/@pura/harmony-utils/src/main/ets/utils/PreferencesUtil.ets:286:19
 Function may throw exceptions. Special handling is required.

WARN: ArkTS:WARN File: D:/Arkts/3.8.11/legado-harmonydsh/oh_modules/.ohpm/@pura+harmony-utils@1.3.2/oh_modules/@pura/harmony-utils/src/main/ets/utils/PreferencesUtil.ets:288:19
 Function may throw exceptions. Special handling is required.

WARN: ArkTS:WARN File: D:/Arkts/3.8.11/legado-harmonydsh/oh_modules/.ohpm/@pura+harmony-utils@1.3.2/oh_modules/@pura/harmony-utils/src/main/ets/utils/PreferencesUtil.ets:305:17
 Function may throw exceptions. Special handling is required.

WARN: ArkTS:WARN File: D:/Arkts/3.8.11/legado-harmonydsh/oh_modules/.ohpm/@pura+harmony-utils@1.3.2/oh_modules/@pura/harmony-utils/src/main/ets/utils/PreferencesUtil.ets:321:19
 Function may throw exceptions. Special handling is required.

WARN: ArkTS:WARN File: D:/Arkts/3.8.11/legado-harmonydsh/oh_modules/.ohpm/@pura+harmony-utils@1.3.2/oh_modules/@pura/harmony-utils/src/main/ets/utils/PreferencesUtil.ets:323:19
 Function may throw exceptions. Special handling is required.

WARN: ArkTS:WARN File: D:/Arkts/3.8.11/legado-harmonydsh/oh_modules/.ohpm/@pura+harmony-utils@1.3.2/oh_modules/@pura/harmony-utils/src/main/ets/utils/RandomUtil.ets:127:28
 The system capacity of this api 'createRandom' is not supported on all devices

WARN: ArkTS:WARN File: D:/Arkts/3.8.11/legado-harmonydsh/oh_modules/.ohpm/@pura+harmony-utils@1.3.2/oh_modules/@pura/harmony-utils/src/main/ets/utils/RandomUtil.ets:127:28
 Function may throw exceptions. Special handling is required.

WARN: ArkTS:WARN File: D:/Arkts/3.8.11/legado-harmonydsh/oh_modules/.ohpm/@pura+harmony-utils@1.3.2/oh_modules/@pura/harmony-utils/src/main/ets/utils/RandomUtil.ets:127:43
 The system capacity of this api 'generateRandomSync' is not supported on all devices

WARN: ArkTS:WARN File: D:/Arkts/3.8.11/legado-harmonydsh/oh_modules/.ohpm/@pura+harmony-utils@1.3.2/oh_modules/@pura/harmony-utils/src/main/ets/utils/RandomUtil.ets:127:43
 Function may throw exceptions. Special handling is required.

WARN: ArkTS:WARN File: D:/Arkts/3.8.11/legado-harmonydsh/oh_modules/.ohpm/@pura+harmony-utils@1.3.2/oh_modules/@pura/harmony-utils/src/main/ets/utils/ResUtil.ets:46:43
 Function may throw exceptions. Special handling is required.

WARN: ArkTS:WARN File: D:/Arkts/3.8.11/legado-harmonydsh/oh_modules/.ohpm/@pura+harmony-utils@1.3.2/oh_modules/@pura/harmony-utils/src/main/ets/utils/ResUtil.ets:48:43
 'getBoolean' has been deprecated.

WARN: ArkTS:WARN File: D:/Arkts/3.8.11/legado-harmonydsh/oh_modules/.ohpm/@pura+harmony-utils@1.3.2/oh_modules/@pura/harmony-utils/src/main/ets/utils/ResUtil.ets:48:43
 Function may throw exceptions. Special handling is required.

WARN: ArkTS:WARN File: D:/Arkts/3.8.11/legado-harmonydsh/oh_modules/.ohpm/@pura+harmony-utils@1.3.2/oh_modules/@pura/harmony-utils/src/main/ets/utils/ResUtil.ets:58:41
 Function may throw exceptions. Special handling is required.

WARN: ArkTS:WARN File: D:/Arkts/3.8.11/legado-harmonydsh/oh_modules/.ohpm/@pura+harmony-utils@1.3.2/oh_modules/@pura/harmony-utils/src/main/ets/utils/ResUtil.ets:69:43
 Function may throw exceptions. Special handling is required.

WARN: ArkTS:WARN File: D:/Arkts/3.8.11/legado-harmonydsh/oh_modules/.ohpm/@pura+harmony-utils@1.3.2/oh_modules/@pura/harmony-utils/src/main/ets/utils/ResUtil.ets:71:43
 'getNumber' has been deprecated.

WARN: ArkTS:WARN File: D:/Arkts/3.8.11/legado-harmonydsh/oh_modules/.ohpm/@pura+harmony-utils@1.3.2/oh_modules/@pura/harmony-utils/src/main/ets/utils/ResUtil.ets:71:43
 Function may throw exceptions. Special handling is required.

WARN: ArkTS:WARN File: D:/Arkts/3.8.11/legado-harmonydsh/oh_modules/.ohpm/@pura+harmony-utils@1.3.2/oh_modules/@pura/harmony-utils/src/main/ets/utils/ResUtil.ets:81:41
 Function may throw exceptions. Special handling is required.

WARN: ArkTS:WARN File: D:/Arkts/3.8.11/legado-harmonydsh/oh_modules/.ohpm/@pura+harmony-utils@1.3.2/oh_modules/@pura/harmony-utils/src/main/ets/utils/ResUtil.ets:96:45
 Function may throw exceptions. Special handling is required.

WARN: ArkTS:WARN File: D:/Arkts/3.8.11/legado-harmonydsh/oh_modules/.ohpm/@pura+harmony-utils@1.3.2/oh_modules/@pura/harmony-utils/src/main/ets/utils/ResUtil.ets:98:45
 'getStringSync' has been deprecated.

WARN: ArkTS:WARN File: D:/Arkts/3.8.11/legado-harmonydsh/oh_modules/.ohpm/@pura+harmony-utils@1.3.2/oh_modules/@pura/harmony-utils/src/main/ets/utils/ResUtil.ets:98:45
 Function may throw exceptions. Special handling is required.

WARN: ArkTS:WARN File: D:/Arkts/3.8.11/legado-harmonydsh/oh_modules/.ohpm/@pura+harmony-utils@1.3.2/oh_modules/@pura/harmony-utils/src/main/ets/utils/ResUtil.ets:102:45
 Function may throw exceptions. Special handling is required.

WARN: ArkTS:WARN File: D:/Arkts/3.8.11/legado-harmonydsh/oh_modules/.ohpm/@pura+harmony-utils@1.3.2/oh_modules/@pura/harmony-utils/src/main/ets/utils/ResUtil.ets:104:45
 'getStringSync' has been deprecated.

WARN: ArkTS:WARN File: D:/Arkts/3.8.11/legado-harmonydsh/oh_modules/.ohpm/@pura+harmony-utils@1.3.2/oh_modules/@pura/harmony-utils/src/main/ets/utils/ResUtil.ets:104:45
 Function may throw exceptions. Special handling is required.

WARN: ArkTS:WARN File: D:/Arkts/3.8.11/legado-harmonydsh/oh_modules/.ohpm/@pura+harmony-utils@1.3.2/oh_modules/@pura/harmony-utils/src/main/ets/utils/ResUtil.ets:115:43
 Function may throw exceptions. Special handling is required.

WARN: ArkTS:WARN File: D:/Arkts/3.8.11/legado-harmonydsh/oh_modules/.ohpm/@pura+harmony-utils@1.3.2/oh_modules/@pura/harmony-utils/src/main/ets/utils/ResUtil.ets:117:43
 'getStringValue' has been deprecated.

WARN: ArkTS:WARN File: D:/Arkts/3.8.11/legado-harmonydsh/oh_modules/.ohpm/@pura+harmony-utils@1.3.2/oh_modules/@pura/harmony-utils/src/main/ets/utils/ResUtil.ets:117:43
 Function may throw exceptions. Special handling is required.

WARN: ArkTS:WARN File: D:/Arkts/3.8.11/legado-harmonydsh/oh_modules/.ohpm/@pura+harmony-utils@1.3.2/oh_modules/@pura/harmony-utils/src/main/ets/utils/ResUtil.ets:131:43
 Function may throw exceptions. Special handling is required.

WARN: ArkTS:WARN File: D:/Arkts/3.8.11/legado-harmonydsh/oh_modules/.ohpm/@pura+harmony-utils@1.3.2/oh_modules/@pura/harmony-utils/src/main/ets/utils/ResUtil.ets:133:43
 Function may throw exceptions. Special handling is required.

WARN: ArkTS:WARN File: D:/Arkts/3.8.11/legado-harmonydsh/oh_modules/.ohpm/@pura+harmony-utils@1.3.2/oh_modules/@pura/harmony-utils/src/main/ets/utils/ResUtil.ets:142:41
 Function may throw exceptions. Special handling is required.

WARN: ArkTS:WARN File: D:/Arkts/3.8.11/legado-harmonydsh/oh_modules/.ohpm/@pura+harmony-utils@1.3.2/oh_modules/@pura/harmony-utils/src/main/ets/utils/ResUtil.ets:152:43
 Function may throw exceptions. Special handling is required.

WARN: ArkTS:WARN File: D:/Arkts/3.8.11/legado-harmonydsh/oh_modules/.ohpm/@pura+harmony-utils@1.3.2/oh_modules/@pura/harmony-utils/src/main/ets/utils/ResUtil.ets:154:43
 'getStringArrayValueSync' has been deprecated.

WARN: ArkTS:WARN File: D:/Arkts/3.8.11/legado-harmonydsh/oh_modules/.ohpm/@pura+harmony-utils@1.3.2/oh_modules/@pura/harmony-utils/src/main/ets/utils/ResUtil.ets:154:43
 Function may throw exceptions. Special handling is required.

WARN: ArkTS:WARN File: D:/Arkts/3.8.11/legado-harmonydsh/oh_modules/.ohpm/@pura+harmony-utils@1.3.2/oh_modules/@pura/harmony-utils/src/main/ets/utils/ResUtil.ets:164:43
 Function may throw exceptions. Special handling is required.

WARN: ArkTS:WARN File: D:/Arkts/3.8.11/legado-harmonydsh/oh_modules/.ohpm/@pura+harmony-utils@1.3.2/oh_modules/@pura/harmony-utils/src/main/ets/utils/ResUtil.ets:166:43
 'getStringArrayValue' has been deprecated.

WARN: ArkTS:WARN File: D:/Arkts/3.8.11/legado-harmonydsh/oh_modules/.ohpm/@pura+harmony-utils@1.3.2/oh_modules/@pura/harmony-utils/src/main/ets/utils/ResUtil.ets:166:43
 Function may throw exceptions. Special handling is required.

WARN: ArkTS:WARN File: D:/Arkts/3.8.11/legado-harmonydsh/oh_modules/.ohpm/@pura+harmony-utils@1.3.2/oh_modules/@pura/harmony-utils/src/main/ets/utils/ResUtil.ets:175:41
 Function may throw exceptions. Special handling is required.

WARN: ArkTS:WARN File: D:/Arkts/3.8.11/legado-harmonydsh/oh_modules/.ohpm/@pura+harmony-utils@1.3.2/oh_modules/@pura/harmony-utils/src/main/ets/utils/ResUtil.ets:183:41
 Function may throw exceptions. Special handling is required.

WARN: ArkTS:WARN File: D:/Arkts/3.8.11/legado-harmonydsh/oh_modules/.ohpm/@pura+harmony-utils@1.3.2/oh_modules/@pura/harmony-utils/src/main/ets/utils/ResUtil.ets:194:43
 'getPluralStringValueSync' has been deprecated.

WARN: ArkTS:WARN File: D:/Arkts/3.8.11/legado-harmonydsh/oh_modules/.ohpm/@pura+harmony-utils@1.3.2/oh_modules/@pura/harmony-utils/src/main/ets/utils/ResUtil.ets:194:43
 Function may throw exceptions. Special handling is required.

WARN: ArkTS:WARN File: D:/Arkts/3.8.11/legado-harmonydsh/oh_modules/.ohpm/@pura+harmony-utils@1.3.2/oh_modules/@pura/harmony-utils/src/main/ets/utils/ResUtil.ets:196:43
 'getPluralStringValueSync' has been deprecated.

WARN: ArkTS:WARN File: D:/Arkts/3.8.11/legado-harmonydsh/oh_modules/.ohpm/@pura+harmony-utils@1.3.2/oh_modules/@pura/harmony-utils/src/main/ets/utils/ResUtil.ets:196:43
 Function may throw exceptions. Special handling is required.

WARN: ArkTS:WARN File: D:/Arkts/3.8.11/legado-harmonydsh/oh_modules/.ohpm/@pura+harmony-utils@1.3.2/oh_modules/@pura/harmony-utils/src/main/ets/utils/ResUtil.ets:207:43
 'getPluralStringValue' has been deprecated.

WARN: ArkTS:WARN File: D:/Arkts/3.8.11/legado-harmonydsh/oh_modules/.ohpm/@pura+harmony-utils@1.3.2/oh_modules/@pura/harmony-utils/src/main/ets/utils/ResUtil.ets:207:43
 Function may throw exceptions. Special handling is required.

WARN: ArkTS:WARN File: D:/Arkts/3.8.11/legado-harmonydsh/oh_modules/.ohpm/@pura+harmony-utils@1.3.2/oh_modules/@pura/harmony-utils/src/main/ets/utils/ResUtil.ets:209:43
 'getPluralStringValue' has been deprecated.

WARN: ArkTS:WARN File: D:/Arkts/3.8.11/legado-harmonydsh/oh_modules/.ohpm/@pura+harmony-utils@1.3.2/oh_modules/@pura/harmony-utils/src/main/ets/utils/ResUtil.ets:209:43
 Function may throw exceptions. Special handling is required.

WARN: ArkTS:WARN File: D:/Arkts/3.8.11/legado-harmonydsh/oh_modules/.ohpm/@pura+harmony-utils@1.3.2/oh_modules/@pura/harmony-utils/src/main/ets/utils/ResUtil.ets:219:41
 'getPluralStringByNameSync' has been deprecated.

WARN: ArkTS:WARN File: D:/Arkts/3.8.11/legado-harmonydsh/oh_modules/.ohpm/@pura+harmony-utils@1.3.2/oh_modules/@pura/harmony-utils/src/main/ets/utils/ResUtil.ets:219:41
 Function may throw exceptions. Special handling is required.

WARN: ArkTS:WARN File: D:/Arkts/3.8.11/legado-harmonydsh/oh_modules/.ohpm/@pura+harmony-utils@1.3.2/oh_modules/@pura/harmony-utils/src/main/ets/utils/ResUtil.ets:228:41
 'getPluralStringByName' has been deprecated.

WARN: ArkTS:WARN File: D:/Arkts/3.8.11/legado-harmonydsh/oh_modules/.ohpm/@pura+harmony-utils@1.3.2/oh_modules/@pura/harmony-utils/src/main/ets/utils/ResUtil.ets:228:41
 Function may throw exceptions. Special handling is required.

WARN: ArkTS:WARN File: D:/Arkts/3.8.11/legado-harmonydsh/oh_modules/.ohpm/@pura+harmony-utils@1.3.2/oh_modules/@pura/harmony-utils/src/main/ets/utils/ResUtil.ets:239:43
 Function may throw exceptions. Special handling is required.

WARN: ArkTS:WARN File: D:/Arkts/3.8.11/legado-harmonydsh/oh_modules/.ohpm/@pura+harmony-utils@1.3.2/oh_modules/@pura/harmony-utils/src/main/ets/utils/ResUtil.ets:241:43
 'getColorSync' has been deprecated.

WARN: ArkTS:WARN File: D:/Arkts/3.8.11/legado-harmonydsh/oh_modules/.ohpm/@pura+harmony-utils@1.3.2/oh_modules/@pura/harmony-utils/src/main/ets/utils/ResUtil.ets:241:43
 Function may throw exceptions. Special handling is required.

WARN: ArkTS:WARN File: D:/Arkts/3.8.11/legado-harmonydsh/oh_modules/.ohpm/@pura+harmony-utils@1.3.2/oh_modules/@pura/harmony-utils/src/main/ets/utils/ResUtil.ets:252:43
 Function may throw exceptions. Special handling is required.

WARN: ArkTS:WARN File: D:/Arkts/3.8.11/legado-harmonydsh/oh_modules/.ohpm/@pura+harmony-utils@1.3.2/oh_modules/@pura/harmony-utils/src/main/ets/utils/ResUtil.ets:254:43
 'getColor' has been deprecated.

WARN: ArkTS:WARN File: D:/Arkts/3.8.11/legado-harmonydsh/oh_modules/.ohpm/@pura+harmony-utils@1.3.2/oh_modules/@pura/harmony-utils/src/main/ets/utils/ResUtil.ets:254:43
 Function may throw exceptions. Special handling is required.

WARN: ArkTS:WARN File: D:/Arkts/3.8.11/legado-harmonydsh/oh_modules/.ohpm/@pura+harmony-utils@1.3.2/oh_modules/@pura/harmony-utils/src/main/ets/utils/ResUtil.ets:264:41
 Function may throw exceptions. Special handling is required.

WARN: ArkTS:WARN File: D:/Arkts/3.8.11/legado-harmonydsh/oh_modules/.ohpm/@pura+harmony-utils@1.3.2/oh_modules/@pura/harmony-utils/src/main/ets/utils/ResUtil.ets:273:41
 Function may throw exceptions. Special handling is required.

WARN: ArkTS:WARN File: D:/Arkts/3.8.11/legado-harmonydsh/oh_modules/.ohpm/@pura+harmony-utils@1.3.2/oh_modules/@pura/harmony-utils/src/main/ets/utils/ResUtil.ets:286:45
 Function may throw exceptions. Special handling is required.

WARN: ArkTS:WARN File: D:/Arkts/3.8.11/legado-harmonydsh/oh_modules/.ohpm/@pura+harmony-utils@1.3.2/oh_modules/@pura/harmony-utils/src/main/ets/utils/ResUtil.ets:288:45
 'getMediaContentSync' has been deprecated.

WARN: ArkTS:WARN File: D:/Arkts/3.8.11/legado-harmonydsh/oh_modules/.ohpm/@pura+harmony-utils@1.3.2/oh_modules/@pura/harmony-utils/src/main/ets/utils/ResUtil.ets:288:45
 Function may throw exceptions. Special handling is required.

WARN: ArkTS:WARN File: D:/Arkts/3.8.11/legado-harmonydsh/oh_modules/.ohpm/@pura+harmony-utils@1.3.2/oh_modules/@pura/harmony-utils/src/main/ets/utils/ResUtil.ets:292:45
 Function may throw exceptions. Special handling is required.

WARN: ArkTS:WARN File: D:/Arkts/3.8.11/legado-harmonydsh/oh_modules/.ohpm/@pura+harmony-utils@1.3.2/oh_modules/@pura/harmony-utils/src/main/ets/utils/ResUtil.ets:294:45
 'getMediaContentSync' has been deprecated.

WARN: ArkTS:WARN File: D:/Arkts/3.8.11/legado-harmonydsh/oh_modules/.ohpm/@pura+harmony-utils@1.3.2/oh_modules/@pura/harmony-utils/src/main/ets/utils/ResUtil.ets:294:45
 Function may throw exceptions. Special handling is required.

WARN: ArkTS:WARN File: D:/Arkts/3.8.11/legado-harmonydsh/oh_modules/.ohpm/@pura+harmony-utils@1.3.2/oh_modules/@pura/harmony-utils/src/main/ets/utils/ResUtil.ets:308:45
 Function may throw exceptions. Special handling is required.

WARN: ArkTS:WARN File: D:/Arkts/3.8.11/legado-harmonydsh/oh_modules/.ohpm/@pura+harmony-utils@1.3.2/oh_modules/@pura/harmony-utils/src/main/ets/utils/ResUtil.ets:310:45
 'getMediaContent' has been deprecated.

WARN: ArkTS:WARN File: D:/Arkts/3.8.11/legado-harmonydsh/oh_modules/.ohpm/@pura+harmony-utils@1.3.2/oh_modules/@pura/harmony-utils/src/main/ets/utils/ResUtil.ets:310:45
 Function may throw exceptions. Special handling is required.

WARN: ArkTS:WARN File: D:/Arkts/3.8.11/legado-harmonydsh/oh_modules/.ohpm/@pura+harmony-utils@1.3.2/oh_modules/@pura/harmony-utils/src/main/ets/utils/ResUtil.ets:314:45
 Function may throw exceptions. Special handling is required.

WARN: ArkTS:WARN File: D:/Arkts/3.8.11/legado-harmonydsh/oh_modules/.ohpm/@pura+harmony-utils@1.3.2/oh_modules/@pura/harmony-utils/src/main/ets/utils/ResUtil.ets:316:45
 'getMediaContent' has been deprecated.

WARN: ArkTS:WARN File: D:/Arkts/3.8.11/legado-harmonydsh/oh_modules/.ohpm/@pura+harmony-utils@1.3.2/oh_modules/@pura/harmony-utils/src/main/ets/utils/ResUtil.ets:316:45
 Function may throw exceptions. Special handling is required.

WARN: ArkTS:WARN File: D:/Arkts/3.8.11/legado-harmonydsh/oh_modules/.ohpm/@pura+harmony-utils@1.3.2/oh_modules/@pura/harmony-utils/src/main/ets/utils/ResUtil.ets:329:43
 Function may throw exceptions. Special handling is required.

WARN: ArkTS:WARN File: D:/Arkts/3.8.11/legado-harmonydsh/oh_modules/.ohpm/@pura+harmony-utils@1.3.2/oh_modules/@pura/harmony-utils/src/main/ets/utils/ResUtil.ets:331:43
 Function may throw exceptions. Special handling is required.

WARN: ArkTS:WARN File: D:/Arkts/3.8.11/legado-harmonydsh/oh_modules/.ohpm/@pura+harmony-utils@1.3.2/oh_modules/@pura/harmony-utils/src/main/ets/utils/ResUtil.ets:343:43
 Function may throw exceptions. Special handling is required.

WARN: ArkTS:WARN File: D:/Arkts/3.8.11/legado-harmonydsh/oh_modules/.ohpm/@pura+harmony-utils@1.3.2/oh_modules/@pura/harmony-utils/src/main/ets/utils/ResUtil.ets:345:43
 Function may throw exceptions. Special handling is required.

WARN: ArkTS:WARN File: D:/Arkts/3.8.11/legado-harmonydsh/oh_modules/.ohpm/@pura+harmony-utils@1.3.2/oh_modules/@pura/harmony-utils/src/main/ets/utils/ResUtil.ets:359:45
 Function may throw exceptions. Special handling is required.

WARN: ArkTS:WARN File: D:/Arkts/3.8.11/legado-harmonydsh/oh_modules/.ohpm/@pura+harmony-utils@1.3.2/oh_modules/@pura/harmony-utils/src/main/ets/utils/ResUtil.ets:361:45
 'getMediaContentBase64Sync' has been deprecated.

WARN: ArkTS:WARN File: D:/Arkts/3.8.11/legado-harmonydsh/oh_modules/.ohpm/@pura+harmony-utils@1.3.2/oh_modules/@pura/harmony-utils/src/main/ets/utils/ResUtil.ets:361:45
 Function may throw exceptions. Special handling is required.

WARN: ArkTS:WARN File: D:/Arkts/3.8.11/legado-harmonydsh/oh_modules/.ohpm/@pura+harmony-utils@1.3.2/oh_modules/@pura/harmony-utils/src/main/ets/utils/ResUtil.ets:365:45
 Function may throw exceptions. Special handling is required.

WARN: ArkTS:WARN File: D:/Arkts/3.8.11/legado-harmonydsh/oh_modules/.ohpm/@pura+harmony-utils@1.3.2/oh_modules/@pura/harmony-utils/src/main/ets/utils/ResUtil.ets:367:45
 'getMediaContentBase64Sync' has been deprecated.

WARN: ArkTS:WARN File: D:/Arkts/3.8.11/legado-harmonydsh/oh_modules/.ohpm/@pura+harmony-utils@1.3.2/oh_modules/@pura/harmony-utils/src/main/ets/utils/ResUtil.ets:367:45
 Function may throw exceptions. Special handling is required.

WARN: ArkTS:WARN File: D:/Arkts/3.8.11/legado-harmonydsh/oh_modules/.ohpm/@pura+harmony-utils@1.3.2/oh_modules/@pura/harmony-utils/src/main/ets/utils/ResUtil.ets:381:45
 Function may throw exceptions. Special handling is required.

WARN: ArkTS:WARN File: D:/Arkts/3.8.11/legado-harmonydsh/oh_modules/.ohpm/@pura+harmony-utils@1.3.2/oh_modules/@pura/harmony-utils/src/main/ets/utils/ResUtil.ets:383:45
 'getMediaContentBase64' has been deprecated.

WARN: ArkTS:WARN File: D:/Arkts/3.8.11/legado-harmonydsh/oh_modules/.ohpm/@pura+harmony-utils@1.3.2/oh_modules/@pura/harmony-utils/src/main/ets/utils/ResUtil.ets:383:45
 Function may throw exceptions. Special handling is required.

WARN: ArkTS:WARN File: D:/Arkts/3.8.11/legado-harmonydsh/oh_modules/.ohpm/@pura+harmony-utils@1.3.2/oh_modules/@pura/harmony-utils/src/main/ets/utils/ResUtil.ets:387:45
 Function may throw exceptions. Special handling is required.

WARN: ArkTS:WARN File: D:/Arkts/3.8.11/legado-harmonydsh/oh_modules/.ohpm/@pura+harmony-utils@1.3.2/oh_modules/@pura/harmony-utils/src/main/ets/utils/ResUtil.ets:389:45
 'getMediaContentBase64' has been deprecated.

WARN: ArkTS:WARN File: D:/Arkts/3.8.11/legado-harmonydsh/oh_modules/.ohpm/@pura+harmony-utils@1.3.2/oh_modules/@pura/harmony-utils/src/main/ets/utils/ResUtil.ets:389:45
 Function may throw exceptions. Special handling is required.

WARN: ArkTS:WARN File: D:/Arkts/3.8.11/legado-harmonydsh/oh_modules/.ohpm/@pura+harmony-utils@1.3.2/oh_modules/@pura/harmony-utils/src/main/ets/utils/ResUtil.ets:402:43
 Function may throw exceptions. Special handling is required.

WARN: ArkTS:WARN File: D:/Arkts/3.8.11/legado-harmonydsh/oh_modules/.ohpm/@pura+harmony-utils@1.3.2/oh_modules/@pura/harmony-utils/src/main/ets/utils/ResUtil.ets:404:43
 Function may throw exceptions. Special handling is required.

WARN: ArkTS:WARN File: D:/Arkts/3.8.11/legado-harmonydsh/oh_modules/.ohpm/@pura+harmony-utils@1.3.2/oh_modules/@pura/harmony-utils/src/main/ets/utils/ResUtil.ets:416:43
 Function may throw exceptions. Special handling is required.

WARN: ArkTS:WARN File: D:/Arkts/3.8.11/legado-harmonydsh/oh_modules/.ohpm/@pura+harmony-utils@1.3.2/oh_modules/@pura/harmony-utils/src/main/ets/utils/ResUtil.ets:418:43
 Function may throw exceptions. Special handling is required.

WARN: ArkTS:WARN File: D:/Arkts/3.8.11/legado-harmonydsh/oh_modules/.ohpm/@pura+harmony-utils@1.3.2/oh_modules/@pura/harmony-utils/src/main/ets/utils/ResUtil.ets:429:41
 Function may throw exceptions. Special handling is required.

WARN: ArkTS:WARN File: D:/Arkts/3.8.11/legado-harmonydsh/oh_modules/.ohpm/@pura+harmony-utils@1.3.2/oh_modules/@pura/harmony-utils/src/main/ets/utils/ResUtil.ets:438:41
 Function may throw exceptions. Special handling is required.

WARN: ArkTS:WARN File: D:/Arkts/3.8.11/legado-harmonydsh/oh_modules/.ohpm/@pura+harmony-utils@1.3.2/oh_modules/@pura/harmony-utils/src/main/ets/utils/ResUtil.ets:468:41
 Function may throw exceptions. Special handling is required.

WARN: ArkTS:WARN File: D:/Arkts/3.8.11/legado-harmonydsh/oh_modules/.ohpm/@pura+harmony-utils@1.3.2/oh_modules/@pura/harmony-utils/src/main/ets/utils/ResUtil.ets:477:41
 Function may throw exceptions. Special handling is required.

WARN: ArkTS:WARN File: D:/Arkts/3.8.11/legado-harmonydsh/oh_modules/.ohpm/@pura+harmony-utils@1.3.2/oh_modules/@pura/harmony-utils/src/main/ets/utils/ResUtil.ets:487:41
 Function may throw exceptions. Special handling is required.

WARN: ArkTS:WARN File: D:/Arkts/3.8.11/legado-harmonydsh/oh_modules/.ohpm/@pura+harmony-utils@1.3.2/oh_modules/@pura/harmony-utils/src/main/ets/utils/ResUtil.ets:496:41
 Function may throw exceptions. Special handling is required.

WARN: ArkTS:WARN File: D:/Arkts/3.8.11/legado-harmonydsh/oh_modules/.ohpm/@pura+harmony-utils@1.3.2/oh_modules/@pura/harmony-utils/src/main/ets/utils/ResUtil.ets:505:41
 Function may throw exceptions. Special handling is required.

WARN: ArkTS:WARN File: D:/Arkts/3.8.11/legado-harmonydsh/oh_modules/.ohpm/@pura+harmony-utils@1.3.2/oh_modules/@pura/harmony-utils/src/main/ets/utils/ResUtil.ets:549:34
 Function may throw exceptions. Special handling is required.

WARN: ArkTS:WARN File: D:/Arkts/3.8.11/legado-harmonydsh/oh_modules/.ohpm/@pura+harmony-utils@1.3.2/oh_modules/@pura/harmony-utils/src/main/ets/utils/ResUtil.ets:558:34
 Function may throw exceptions. Special handling is required.

WARN: ArkTS:WARN File: D:/Arkts/3.8.11/legado-harmonydsh/oh_modules/.ohpm/@pura+harmony-utils@1.3.2/oh_modules/@pura/harmony-utils/src/main/ets/utils/ResUtil.ets:567:41
 Function may throw exceptions. Special handling is required.

WARN: ArkTS:WARN File: D:/Arkts/3.8.11/legado-harmonydsh/oh_modules/.ohpm/@pura+harmony-utils@1.3.2/oh_modules/@pura/harmony-utils/src/main/ets/utils/DeviceUtil.ets:105:23
 To use this API, you need to apply for the permissions: ohos.permission.APP_TRACKING_CONSENT

WARN: ArkTS:WARN File: D:/Arkts/3.8.11/legado-harmonydsh/oh_modules/.ohpm/@pura+harmony-utils@1.3.2/oh_modules/@pura/harmony-utils/src/main/ets/utils/DeviceUtil.ets:105:23
 Function may throw exceptions. Special handling is required.

WARN: ArkTS:WARN File: D:/Arkts/3.8.11/legado-harmonydsh/oh_modules/.ohpm/@pura+harmony-utils@1.3.2/oh_modules/@pura/harmony-utils/src/main/ets/utils/DeviceUtil.ets:114:17
 Function may throw exceptions. Special handling is required.

WARN: ArkTS:WARN File: D:/Arkts/3.8.11/legado-harmonydsh/oh_modules/.ohpm/@pura+harmony-utils@1.3.2/oh_modules/@pura/harmony-utils/src/main/ets/utils/DeviceUtil.ets:122:17
 Function may throw exceptions. Special handling is required.

WARN: ArkTS:WARN File: D:/Arkts/3.8.11/legado-harmonydsh/oh_modules/.ohpm/@pura+harmony-utils@1.3.2/oh_modules/@pura/harmony-utils/src/main/ets/utils/DeviceUtil.ets:131:23
 To use this API, you need to apply for the permissions: ohos.permission.sec.ACCESS_UDID

WARN: ArkTS:WARN File: D:/Arkts/3.8.11/legado-harmonydsh/oh_modules/.ohpm/@pura+harmony-utils@1.3.2/oh_modules/@pura/harmony-utils/src/main/ets/utils/DeviceUtil.ets:139:23
 To use this API, you need to apply for the permissions: ohos.permission.sec.ACCESS_UDID

WARN: ArkTS:WARN File: D:/Arkts/3.8.11/legado-harmonydsh/oh_modules/.ohpm/@pura+harmony-utils@1.3.2/oh_modules/@pura/harmony-utils/src/main/ets/utils/DeviceUtil.ets:419:18
 Function may throw exceptions. Special handling is required.

WARN: ArkTS:WARN File: D:/Arkts/3.8.11/legado-harmonydsh/oh_modules/.ohpm/@pura+harmony-utils@1.3.2/oh_modules/@pura/harmony-utils/src/main/ets/utils/DeviceUtil.ets:441:21
 Function may throw exceptions. Special handling is required.

WARN: ArkTS:WARN File: D:/Arkts/3.8.11/legado-harmonydsh/oh_modules/.ohpm/@pura+harmony-utils@1.3.2/oh_modules/@pura/harmony-utils/src/main/ets/utils/DeviceUtil.ets:448:21
 Function may throw exceptions. Special handling is required.

WARN: ArkTS:WARN File: D:/Arkts/3.8.11/legado-harmonydsh/oh_modules/.ohpm/@pura+harmony-utils@1.3.2/oh_modules/@pura/harmony-utils/src/main/ets/utils/WindowUtil.ets:48:24
 Function may throw exceptions. Special handling is required.

WARN: ArkTS:WARN File: D:/Arkts/3.8.11/legado-harmonydsh/oh_modules/.ohpm/@pura+harmony-utils@1.3.2/oh_modules/@pura/harmony-utils/src/main/ets/utils/WindowUtil.ets:57:24
 Function may throw exceptions. Special handling is required.

WARN: ArkTS:WARN File: D:/Arkts/3.8.11/legado-harmonydsh/oh_modules/.ohpm/@pura+harmony-utils@1.3.2/oh_modules/@pura/harmony-utils/src/main/ets/utils/WindowUtil.ets:69:24
 To use this API, you need to apply for the permissions: ohos.permission.PRIVACY_WINDOW

WARN: ArkTS:WARN File: D:/Arkts/3.8.11/legado-harmonydsh/oh_modules/.ohpm/@pura+harmony-utils@1.3.2/oh_modules/@pura/harmony-utils/src/main/ets/utils/WindowUtil.ets:69:24
 Function may throw exceptions. Special handling is required.

WARN: ArkTS:WARN File: D:/Arkts/3.8.11/legado-harmonydsh/oh_modules/.ohpm/@pura+harmony-utils@1.3.2/oh_modules/@pura/harmony-utils/src/main/ets/utils/WindowUtil.ets:89:24
 Function may throw exceptions. Special handling is required.

WARN: ArkTS:WARN File: D:/Arkts/3.8.11/legado-harmonydsh/oh_modules/.ohpm/@pura+harmony-utils@1.3.2/oh_modules/@pura/harmony-utils/src/main/ets/utils/WindowUtil.ets:117:24
 Function may throw exceptions. Special handling is required.

WARN: ArkTS:WARN File: D:/Arkts/3.8.11/legado-harmonydsh/oh_modules/.ohpm/@pura+harmony-utils@1.3.2/oh_modules/@pura/harmony-utils/src/main/ets/utils/WindowUtil.ets:126:24
 Function may throw exceptions. Special handling is required.

WARN: ArkTS:WARN File: D:/Arkts/3.8.11/legado-harmonydsh/oh_modules/.ohpm/@pura+harmony-utils@1.3.2/oh_modules/@pura/harmony-utils/src/main/ets/utils/WindowUtil.ets:137:17
 Function may throw exceptions. Special handling is required.

WARN: ArkTS:WARN File: D:/Arkts/3.8.11/legado-harmonydsh/oh_modules/.ohpm/@pura+harmony-utils@1.3.2/oh_modules/@pura/harmony-utils/src/main/ets/utils/WindowUtil.ets:146:24
 Function may throw exceptions. Special handling is required.

WARN: ArkTS:WARN File: D:/Arkts/3.8.11/legado-harmonydsh/oh_modules/.ohpm/@pura+harmony-utils@1.3.2/oh_modules/@pura/harmony-utils/src/main/ets/utils/WindowUtil.ets:158:24
 Function may throw exceptions. Special handling is required.

WARN: ArkTS:WARN File: D:/Arkts/3.8.11/legado-harmonydsh/oh_modules/.ohpm/@pura+harmony-utils@1.3.2/oh_modules/@pura/harmony-utils/src/main/ets/utils/WindowUtil.ets:170:19
 This API is unavailable to phone, tablet.

WARN: ArkTS:WARN File: D:/Arkts/3.8.11/legado-harmonydsh/oh_modules/.ohpm/@pura+harmony-utils@1.3.2/oh_modules/@pura/harmony-utils/src/main/ets/utils/WindowUtil.ets:185:24
 Function may throw exceptions. Special handling is required.

WARN: ArkTS:WARN File: D:/Arkts/3.8.11/legado-harmonydsh/oh_modules/.ohpm/@pura+harmony-utils@1.3.2/oh_modules/@pura/harmony-utils/src/main/ets/utils/WindowUtil.ets:199:24
 Function may throw exceptions. Special handling is required.

WARN: ArkTS:WARN File: D:/Arkts/3.8.11/legado-harmonydsh/oh_modules/.ohpm/@pura+harmony-utils@1.3.2/oh_modules/@pura/harmony-utils/src/main/ets/utils/WindowUtil.ets:211:24
 Function may throw exceptions. Special handling is required.

WARN: ArkTS:WARN File: D:/Arkts/3.8.11/legado-harmonydsh/oh_modules/.ohpm/@pura+harmony-utils@1.3.2/oh_modules/@pura/harmony-utils/src/main/ets/utils/WindowUtil.ets:232:24
 Function may throw exceptions. Special handling is required.

WARN: ArkTS:WARN File: D:/Arkts/3.8.11/legado-harmonydsh/oh_modules/.ohpm/@pura+harmony-utils@1.3.2/oh_modules/@pura/harmony-utils/src/main/ets/utils/WindowUtil.ets:253:24
 Function may throw exceptions. Special handling is required.

WARN: ArkTS:WARN File: D:/Arkts/3.8.11/legado-harmonydsh/oh_modules/.ohpm/@pura+harmony-utils@1.3.2/oh_modules/@pura/harmony-utils/src/main/ets/utils/WindowUtil.ets:274:24
 Function may throw exceptions. Special handling is required.

WARN: ArkTS:WARN File: D:/Arkts/3.8.11/legado-harmonydsh/oh_modules/.ohpm/@pura+harmony-utils@1.3.2/oh_modules/@pura/harmony-utils/src/main/ets/utils/WindowUtil.ets:293:24
 Function may throw exceptions. Special handling is required.

WARN: ArkTS:WARN File: D:/Arkts/3.8.11/legado-harmonydsh/oh_modules/.ohpm/@pura+harmony-utils@1.3.2/oh_modules/@pura/harmony-utils/src/main/ets/utils/WindowUtil.ets:304:24
 Function may throw exceptions. Special handling is required.

WARN: ArkTS:WARN File: D:/Arkts/3.8.11/legado-harmonydsh/oh_modules/.ohpm/@pura+harmony-utils@1.3.2/oh_modules/@pura/harmony-utils/src/main/ets/utils/WindowUtil.ets:314:56
 'type' has been deprecated.

WARN: ArkTS:WARN File: D:/Arkts/3.8.11/legado-harmonydsh/oh_modules/.ohpm/@pura+harmony-utils@1.3.2/oh_modules/@pura/harmony-utils/src/main/ets/utils/WindowUtil.ets:324:24
 Function may throw exceptions. Special handling is required.

WARN: ArkTS:WARN File: D:/Arkts/3.8.11/legado-harmonydsh/oh_modules/.ohpm/@pura+harmony-utils@1.3.2/oh_modules/@pura/harmony-utils/src/main/ets/utils/WindowUtil.ets:344:24
 Function may throw exceptions. Special handling is required.

WARN: ArkTS:WARN File: D:/Arkts/3.8.11/legado-harmonydsh/oh_modules/.ohpm/@pura+harmony-utils@1.3.2/oh_modules/@pura/harmony-utils/src/main/ets/utils/WindowUtil.ets:364:24
 Function may throw exceptions. Special handling is required.

WARN: ArkTS:WARN File: D:/Arkts/3.8.11/legado-harmonydsh/oh_modules/.ohpm/@pura+harmony-utils@1.3.2/oh_modules/@pura/harmony-utils/src/main/ets/utils/WindowUtil.ets:374:24
 Function may throw exceptions. Special handling is required.

WARN: ArkTS:WARN File: D:/Arkts/3.8.11/legado-harmonydsh/oh_modules/.ohpm/@pura+harmony-utils@1.3.2/oh_modules/@pura/harmony-utils/src/main/ets/utils/WindowUtil.ets:385:19
 To use this API, you need to apply for the permissions: ohos.permission.SYSTEM_FLOAT_WINDOW [since 12]

WARN: ArkTS:WARN File: D:/Arkts/3.8.11/legado-harmonydsh/oh_modules/.ohpm/@pura+harmony-utils@1.3.2/oh_modules/@pura/harmony-utils/src/main/ets/utils/WindowUtil.ets:385:19
 Function may throw exceptions. Special handling is required.

WARN: ArkTS:WARN File: D:/Arkts/3.8.11/legado-harmonydsh/oh_modules/.ohpm/@pura+harmony-utils@1.3.2/oh_modules/@pura/harmony-utils/src/main/ets/utils/WindowUtil.ets:395:19
 Function may throw exceptions. Special handling is required.

WARN: ArkTS:WARN File: D:/Arkts/3.8.11/legado-harmonydsh/oh_modules/.ohpm/@pura+harmony-utils@1.3.2/oh_modules/@pura/harmony-utils/src/main/ets/utils/WindowUtil.ets:405:19
 Function may throw exceptions. Special handling is required.

WARN: ArkTS:WARN File: D:/Arkts/3.8.11/legado-harmonydsh/oh_modules/.ohpm/@pura+harmony-utils@1.3.2/oh_modules/@pura/harmony-utils/src/main/ets/utils/WindowUtil.ets:416:19
 Function may throw exceptions. Special handling is required.

WARN: ArkTS:WARN File: D:/Arkts/3.8.11/legado-harmonydsh/oh_modules/.ohpm/@pura+harmony-utils@1.3.2/oh_modules/@pura/harmony-utils/src/main/ets/utils/AppUtil.ets:59:25
 'getContext' has been deprecated.

WARN: ArkTS:WARN File: D:/Arkts/3.8.11/legado-harmonydsh/oh_modules/.ohpm/@pura+harmony-utils@1.3.2/oh_modules/@pura/harmony-utils/src/main/ets/utils/AppUtil.ets:70:36
 Function may throw exceptions. Special handling is required.

WARN: ArkTS:WARN File: D:/Arkts/3.8.11/legado-harmonydsh/oh_modules/.ohpm/@pura+harmony-utils@1.3.2/oh_modules/@pura/harmony-utils/src/main/ets/utils/AppUtil.ets:85:45
 Function may throw exceptions. Special handling is required.

WARN: ArkTS:WARN File: D:/Arkts/3.8.11/legado-harmonydsh/oh_modules/.ohpm/@pura+harmony-utils@1.3.2/oh_modules/@pura/harmony-utils/src/main/ets/utils/AppUtil.ets:96:29
 Function may throw exceptions. Special handling is required.

WARN: ArkTS:WARN File: D:/Arkts/3.8.11/legado-harmonydsh/oh_modules/.ohpm/@pura+harmony-utils@1.3.2/oh_modules/@pura/harmony-utils/src/main/ets/utils/AppUtil.ets:98:63
 Function may throw exceptions. Special handling is required.

WARN: ArkTS:WARN File: D:/Arkts/3.8.11/legado-harmonydsh/oh_modules/.ohpm/@pura+harmony-utils@1.3.2/oh_modules/@pura/harmony-utils/src/main/ets/utils/AppUtil.ets:110:50
 Function may throw exceptions. Special handling is required.

WARN: ArkTS:WARN File: D:/Arkts/3.8.11/legado-harmonydsh/oh_modules/.ohpm/@pura+harmony-utils@1.3.2/oh_modules/@pura/harmony-utils/src/main/ets/utils/AppUtil.ets:118:50
 Function may throw exceptions. Special handling is required.

WARN: ArkTS:WARN File: D:/Arkts/3.8.11/legado-harmonydsh/oh_modules/.ohpm/@pura+harmony-utils@1.3.2/oh_modules/@pura/harmony-utils/src/main/ets/utils/AppUtil.ets:127:50
 Function may throw exceptions. Special handling is required.

WARN: ArkTS:WARN File: D:/Arkts/3.8.11/legado-harmonydsh/oh_modules/.ohpm/@pura+harmony-utils@1.3.2/oh_modules/@pura/harmony-utils/src/main/ets/utils/AppUtil.ets:145:50
 This API is unavailable to tablet.

WARN: ArkTS:WARN File: D:/Arkts/3.8.11/legado-harmonydsh/oh_modules/.ohpm/@pura+harmony-utils@1.3.2/oh_modules/@pura/harmony-utils/src/main/ets/utils/AppUtil.ets:145:50
 Function may throw exceptions. Special handling is required.

WARN: ArkTS:WARN File: D:/Arkts/3.8.11/legado-harmonydsh/oh_modules/.ohpm/@pura+harmony-utils@1.3.2/oh_modules/@pura/harmony-utils/src/main/ets/utils/AppUtil.ets:153:57
 Function may throw exceptions. Special handling is required.

WARN: ArkTS:WARN File: D:/Arkts/3.8.11/legado-harmonydsh/oh_modules/.ohpm/@pura+harmony-utils@1.3.2/oh_modules/@pura/harmony-utils/src/main/ets/utils/AppUtil.ets:161:57
 Function may throw exceptions. Special handling is required.

WARN: ArkTS:WARN File: D:/Arkts/3.8.11/legado-harmonydsh/oh_modules/.ohpm/@pura+harmony-utils@1.3.2/oh_modules/@pura/harmony-utils/src/main/ets/utils/AppUtil.ets:176:50
 Function may throw exceptions. Special handling is required.

WARN: ArkTS:WARN File: D:/Arkts/3.8.11/legado-harmonydsh/oh_modules/.ohpm/@pura+harmony-utils@1.3.2/oh_modules/@pura/harmony-utils/src/main/ets/utils/AppUtil.ets:184:32
 Function may throw exceptions. Special handling is required.

WARN: ArkTS:WARN File: D:/Arkts/3.8.11/legado-harmonydsh/oh_modules/.ohpm/@pura+harmony-utils@1.3.2/oh_modules/@pura/harmony-utils/src/main/ets/utils/AppUtil.ets:193:57
 Function may throw exceptions. Special handling is required.

WARN: ArkTS:WARN File: D:/Arkts/3.8.11/legado-harmonydsh/oh_modules/.ohpm/@pura+harmony-utils@1.3.2/oh_modules/@pura/harmony-utils/src/main/ets/utils/AppUtil.ets:349:21
 This API is unavailable to phone, tablet.

WARN: ArkTS:WARN File: D:/Arkts/3.8.11/legado-harmonydsh/oh_modules/.ohpm/@pura+harmony-utils@1.3.2/oh_modules/@pura/harmony-utils/src/main/ets/utils/DisplayUtil.ets:32:20
 Function may throw exceptions. Special handling is required.

WARN: ArkTS:WARN File: D:/Arkts/3.8.11/legado-harmonydsh/oh_modules/.ohpm/@pura+harmony-utils@1.3.2/oh_modules/@pura/harmony-utils/src/main/ets/utils/DisplayUtil.ets:89:64
 Function may throw exceptions. Special handling is required.

WARN: ArkTS:WARN File: D:/Arkts/3.8.11/legado-harmonydsh/oh_modules/.ohpm/@pura+harmony-utils@1.3.2/oh_modules/@pura/harmony-utils/src/main/ets/utils/DisplayUtil.ets:111:20
 Function may throw exceptions. Special handling is required.

WARN: ArkTS:WARN File: D:/Arkts/3.8.11/legado-harmonydsh/oh_modules/.ohpm/@pura+harmony-utils@1.3.2/oh_modules/@pura/harmony-utils/src/main/ets/utils/DisplayUtil.ets:126:20
 Function may throw exceptions. Special handling is required.

WARN: ArkTS:WARN File: D:/Arkts/3.8.11/legado-harmonydsh/oh_modules/.ohpm/@pura+harmony-utils@1.3.2/oh_modules/@pura/harmony-utils/src/main/ets/utils/DisplayUtil.ets:141:20
 Function may throw exceptions. Special handling is required.

WARN: ArkTS:WARN File: D:/Arkts/3.8.11/legado-harmonydsh/oh_modules/.ohpm/@pura+harmony-utils@1.3.2/oh_modules/@pura/harmony-utils/src/main/ets/utils/DisplayUtil.ets:150:13
 Function may throw exceptions. Special handling is required.

WARN: ArkTS:WARN File: D:/Arkts/3.8.11/legado-harmonydsh/oh_modules/.ohpm/@pura+harmony-utils@1.3.2/oh_modules/@pura/harmony-utils/src/main/ets/utils/DisplayUtil.ets:158:13
 Function may throw exceptions. Special handling is required.

WARN: ArkTS:WARN File: D:/Arkts/3.8.11/legado-harmonydsh/oh_modules/.ohpm/@pura+harmony-utils@1.3.2/oh_modules/@pura/harmony-utils/src/main/ets/action/ToastUtil.ets:48:20
 'showToast' has been deprecated.

WARN: ArkTS:WARN File: D:/Arkts/3.8.11/legado-harmonydsh/oh_modules/.ohpm/@pura+harmony-utils@1.3.2/oh_modules/@pura/harmony-utils/src/main/ets/action/ToastUtil.ets:48:20
 Function may throw exceptions. Special handling is required.

WARN: ArkTS:WARN File: D:/Arkts/3.8.11/legado-harmonydsh/oh_modules/.ohpm/@pura+harmony-utils@1.3.2/oh_modules/@pura/harmony-utils/src/main/ets/action/ToastUtil.ets:72:20
 'showToast' has been deprecated.

WARN: ArkTS:WARN File: D:/Arkts/3.8.11/legado-harmonydsh/oh_modules/.ohpm/@pura+harmony-utils@1.3.2/oh_modules/@pura/harmony-utils/src/main/ets/action/ToastUtil.ets:72:20
 Function may throw exceptions. Special handling is required.

WARN: ArkTS:WARN File: D:/Arkts/3.8.11/legado-harmonydsh/oh_modules/.ohpm/@pura+harmony-utils@1.3.2/oh_modules/@pura/harmony-utils/src/main/ets/action/ToastUtil.ets:96:20
 'showToast' has been deprecated.

WARN: ArkTS:WARN File: D:/Arkts/3.8.11/legado-harmonydsh/oh_modules/.ohpm/@pura+harmony-utils@1.3.2/oh_modules/@pura/harmony-utils/src/main/ets/action/ToastUtil.ets:96:20
 Function may throw exceptions. Special handling is required.

WARN: ArkTS:WARN File: D:/Arkts/3.8.11/legado-harmonydsh/oh_modules/.ohpm/@pura+harmony-utils@1.3.2/oh_modules/@pura/harmony-utils/src/main/ets/utils/PermissionUtil.ets:67:30
 'getContext' has been deprecated.

WARN: ArkTS:WARN File: D:/Arkts/3.8.11/legado-harmonydsh/oh_modules/.ohpm/@pura+harmony-utils@1.3.2/oh_modules/@pura/harmony-utils/src/main/ets/utils/PermissionUtil.ets:69:35
 Function may throw exceptions. Special handling is required.

WARN: ArkTS:WARN File: D:/Arkts/3.8.11/legado-harmonydsh/oh_modules/.ohpm/@pura+harmony-utils@1.3.2/oh_modules/@pura/harmony-utils/src/main/ets/utils/PermissionUtil.ets:83:30
 'getContext' has been deprecated.

WARN: ArkTS:WARN File: D:/Arkts/3.8.11/legado-harmonydsh/oh_modules/.ohpm/@pura+harmony-utils@1.3.2/oh_modules/@pura/harmony-utils/src/main/ets/utils/PermissionUtil.ets:86:35
 Function may throw exceptions. Special handling is required.

WARN: ArkTS:WARN File: D:/Arkts/3.8.11/legado-harmonydsh/oh_modules/.ohpm/@pura+harmony-utils@1.3.2/oh_modules/@pura/harmony-utils/src/main/ets/utils/PermissionUtil.ets:103:30
 'getContext' has been deprecated.

WARN: ArkTS:WARN File: D:/Arkts/3.8.11/legado-harmonydsh/oh_modules/.ohpm/@pura+harmony-utils@1.3.2/oh_modules/@pura/harmony-utils/src/main/ets/utils/PermissionUtil.ets:105:39
 Function may throw exceptions. Special handling is required.

WARN: ArkTS:WARN File: D:/Arkts/3.8.11/legado-harmonydsh/oh_modules/.ohpm/@pura+harmony-utils@1.3.2/oh_modules/@pura/harmony-utils/src/main/ets/utils/FileUtil.ets:38:28
 'getContext' has been deprecated.

WARN: ArkTS:WARN File: D:/Arkts/3.8.11/legado-harmonydsh/oh_modules/.ohpm/@pura+harmony-utils@1.3.2/oh_modules/@pura/harmony-utils/src/main/ets/utils/FileUtil.ets:38:52
 'getContext' has been deprecated.

WARN: ArkTS:WARN File: D:/Arkts/3.8.11/legado-harmonydsh/oh_modules/.ohpm/@pura+harmony-utils@1.3.2/oh_modules/@pura/harmony-utils/src/main/ets/utils/FileUtil.ets:64:28
 'getContext' has been deprecated.

WARN: ArkTS:WARN File: D:/Arkts/3.8.11/legado-harmonydsh/oh_modules/.ohpm/@pura+harmony-utils@1.3.2/oh_modules/@pura/harmony-utils/src/main/ets/utils/FileUtil.ets:64:52
 'getContext' has been deprecated.

WARN: ArkTS:WARN File: D:/Arkts/3.8.11/legado-harmonydsh/oh_modules/.ohpm/@pura+harmony-utils@1.3.2/oh_modules/@pura/harmony-utils/src/main/ets/utils/FileUtil.ets:90:28
 'getContext' has been deprecated.

WARN: ArkTS:WARN File: D:/Arkts/3.8.11/legado-harmonydsh/oh_modules/.ohpm/@pura+harmony-utils@1.3.2/oh_modules/@pura/harmony-utils/src/main/ets/utils/FileUtil.ets:90:51
 'getContext' has been deprecated.

WARN: ArkTS:WARN File: D:/Arkts/3.8.11/legado-harmonydsh/oh_modules/.ohpm/@pura+harmony-utils@1.3.2/oh_modules/@pura/harmony-utils/src/main/ets/utils/FileUtil.ets:150:43
 Function may throw exceptions. Special handling is required.

WARN: ArkTS:WARN File: D:/Arkts/3.8.11/legado-harmonydsh/oh_modules/.ohpm/@pura+harmony-utils@1.3.2/oh_modules/@pura/harmony-utils/src/main/ets/utils/FileUtil.ets:211:15
 Function may throw exceptions. Special handling is required.

WARN: ArkTS:WARN File: D:/Arkts/3.8.11/legado-harmonydsh/oh_modules/.ohpm/@pura+harmony-utils@1.3.2/oh_modules/@pura/harmony-utils/src/main/ets/utils/FileUtil.ets:211:30
 Function may throw exceptions. Special handling is required.

WARN: ArkTS:WARN File: D:/Arkts/3.8.11/legado-harmonydsh/oh_modules/.ohpm/@pura+harmony-utils@1.3.2/oh_modules/@pura/harmony-utils/src/main/ets/utils/FileUtil.ets:220:15
 Function may throw exceptions. Special handling is required.

WARN: ArkTS:WARN File: D:/Arkts/3.8.11/legado-harmonydsh/oh_modules/.ohpm/@pura+harmony-utils@1.3.2/oh_modules/@pura/harmony-utils/src/main/ets/utils/FileUtil.ets:220:30
 Function may throw exceptions. Special handling is required.

WARN: ArkTS:WARN File: D:/Arkts/3.8.11/legado-harmonydsh/oh_modules/.ohpm/@pura+harmony-utils@1.3.2/oh_modules/@pura/harmony-utils/src/main/ets/utils/FileUtil.ets:231:15
 Function may throw exceptions. Special handling is required.

WARN: ArkTS:WARN File: D:/Arkts/3.8.11/legado-harmonydsh/oh_modules/.ohpm/@pura+harmony-utils@1.3.2/oh_modules/@pura/harmony-utils/src/main/ets/utils/FileUtil.ets:241:8
 Function may throw exceptions. Special handling is required.

WARN: ArkTS:WARN File: D:/Arkts/3.8.11/legado-harmonydsh/oh_modules/.ohpm/@pura+harmony-utils@1.3.2/oh_modules/@pura/harmony-utils/src/main/ets/utils/FileUtil.ets:253:17
 Function may throw exceptions. Special handling is required.

WARN: ArkTS:WARN File: D:/Arkts/3.8.11/legado-harmonydsh/oh_modules/.ohpm/@pura+harmony-utils@1.3.2/oh_modules/@pura/harmony-utils/src/main/ets/utils/FileUtil.ets:255:17
 Function may throw exceptions. Special handling is required.

WARN: ArkTS:WARN File: D:/Arkts/3.8.11/legado-harmonydsh/oh_modules/.ohpm/@pura+harmony-utils@1.3.2/oh_modules/@pura/harmony-utils/src/main/ets/utils/FileUtil.ets:266:10
 Function may throw exceptions. Special handling is required.

WARN: ArkTS:WARN File: D:/Arkts/3.8.11/legado-harmonydsh/oh_modules/.ohpm/@pura+harmony-utils@1.3.2/oh_modules/@pura/harmony-utils/src/main/ets/utils/FileUtil.ets:268:10
 Function may throw exceptions. Special handling is required.

WARN: ArkTS:WARN File: D:/Arkts/3.8.11/legado-harmonydsh/oh_modules/.ohpm/@pura+harmony-utils@1.3.2/oh_modules/@pura/harmony-utils/src/main/ets/utils/FileUtil.ets:279:15
 Function may throw exceptions. Special handling is required.

WARN: ArkTS:WARN File: D:/Arkts/3.8.11/legado-harmonydsh/oh_modules/.ohpm/@pura+harmony-utils@1.3.2/oh_modules/@pura/harmony-utils/src/main/ets/utils/FileUtil.ets:287:15
 Function may throw exceptions. Special handling is required.

WARN: ArkTS:WARN File: D:/Arkts/3.8.11/legado-harmonydsh/oh_modules/.ohpm/@pura+harmony-utils@1.3.2/oh_modules/@pura/harmony-utils/src/main/ets/utils/FileUtil.ets:297:15
 Function may throw exceptions. Special handling is required.

WARN: ArkTS:WARN File: D:/Arkts/3.8.11/legado-harmonydsh/oh_modules/.ohpm/@pura+harmony-utils@1.3.2/oh_modules/@pura/harmony-utils/src/main/ets/utils/FileUtil.ets:306:8
 Function may throw exceptions. Special handling is required.

WARN: ArkTS:WARN File: D:/Arkts/3.8.11/legado-harmonydsh/oh_modules/.ohpm/@pura+harmony-utils@1.3.2/oh_modules/@pura/harmony-utils/src/main/ets/utils/FileUtil.ets:316:15
 Function may throw exceptions. Special handling is required.

WARN: ArkTS:WARN File: D:/Arkts/3.8.11/legado-harmonydsh/oh_modules/.ohpm/@pura+harmony-utils@1.3.2/oh_modules/@pura/harmony-utils/src/main/ets/utils/FileUtil.ets:325:15
 Function may throw exceptions. Special handling is required.

WARN: ArkTS:WARN File: D:/Arkts/3.8.11/legado-harmonydsh/oh_modules/.ohpm/@pura+harmony-utils@1.3.2/oh_modules/@pura/harmony-utils/src/main/ets/utils/FileUtil.ets:336:15
 Function may throw exceptions. Special handling is required.

WARN: ArkTS:WARN File: D:/Arkts/3.8.11/legado-harmonydsh/oh_modules/.ohpm/@pura+harmony-utils@1.3.2/oh_modules/@pura/harmony-utils/src/main/ets/utils/FileUtil.ets:346:15
 Function may throw exceptions. Special handling is required.

WARN: ArkTS:WARN File: D:/Arkts/3.8.11/legado-harmonydsh/oh_modules/.ohpm/@pura+harmony-utils@1.3.2/oh_modules/@pura/harmony-utils/src/main/ets/utils/FileUtil.ets:360:15
 Function may throw exceptions. Special handling is required.

WARN: ArkTS:WARN File: D:/Arkts/3.8.11/legado-harmonydsh/oh_modules/.ohpm/@pura+harmony-utils@1.3.2/oh_modules/@pura/harmony-utils/src/main/ets/utils/FileUtil.ets:373:15
 Function may throw exceptions. Special handling is required.

WARN: ArkTS:WARN File: D:/Arkts/3.8.11/legado-harmonydsh/oh_modules/.ohpm/@pura+harmony-utils@1.3.2/oh_modules/@pura/harmony-utils/src/main/ets/utils/FileUtil.ets:386:15
 Function may throw exceptions. Special handling is required.

WARN: ArkTS:WARN File: D:/Arkts/3.8.11/legado-harmonydsh/oh_modules/.ohpm/@pura+harmony-utils@1.3.2/oh_modules/@pura/harmony-utils/src/main/ets/utils/FileUtil.ets:399:15
 Function may throw exceptions. Special handling is required.

WARN: ArkTS:WARN File: D:/Arkts/3.8.11/legado-harmonydsh/oh_modules/.ohpm/@pura+harmony-utils@1.3.2/oh_modules/@pura/harmony-utils/src/main/ets/utils/FileUtil.ets:414:15
 Function may throw exceptions. Special handling is required.

WARN: ArkTS:WARN File: D:/Arkts/3.8.11/legado-harmonydsh/oh_modules/.ohpm/@pura+harmony-utils@1.3.2/oh_modules/@pura/harmony-utils/src/main/ets/utils/FileUtil.ets:428:15
 Function may throw exceptions. Special handling is required.

WARN: ArkTS:WARN File: D:/Arkts/3.8.11/legado-harmonydsh/oh_modules/.ohpm/@pura+harmony-utils@1.3.2/oh_modules/@pura/harmony-utils/src/main/ets/utils/FileUtil.ets:454:15
 Function may throw exceptions. Special handling is required.

WARN: ArkTS:WARN File: D:/Arkts/3.8.11/legado-harmonydsh/oh_modules/.ohpm/@pura+harmony-utils@1.3.2/oh_modules/@pura/harmony-utils/src/main/ets/utils/FileUtil.ets:462:8
 Function may throw exceptions. Special handling is required.

WARN: ArkTS:WARN File: D:/Arkts/3.8.11/legado-harmonydsh/oh_modules/.ohpm/@pura+harmony-utils@1.3.2/oh_modules/@pura/harmony-utils/src/main/ets/utils/FileUtil.ets:476:15
 Function may throw exceptions. Special handling is required.

WARN: ArkTS:WARN File: D:/Arkts/3.8.11/legado-harmonydsh/oh_modules/.ohpm/@pura+harmony-utils@1.3.2/oh_modules/@pura/harmony-utils/src/main/ets/utils/FileUtil.ets:489:15
 Function may throw exceptions. Special handling is required.

WARN: ArkTS:WARN File: D:/Arkts/3.8.11/legado-harmonydsh/oh_modules/.ohpm/@pura+harmony-utils@1.3.2/oh_modules/@pura/harmony-utils/src/main/ets/utils/FileUtil.ets:498:15
 Function may throw exceptions. Special handling is required.

WARN: ArkTS:WARN File: D:/Arkts/3.8.11/legado-harmonydsh/oh_modules/.ohpm/@pura+harmony-utils@1.3.2/oh_modules/@pura/harmony-utils/src/main/ets/utils/FileUtil.ets:507:15
 Function may throw exceptions. Special handling is required.

WARN: ArkTS:WARN File: D:/Arkts/3.8.11/legado-harmonydsh/oh_modules/.ohpm/@pura+harmony-utils@1.3.2/oh_modules/@pura/harmony-utils/src/main/ets/utils/FileUtil.ets:520:15
 Function may throw exceptions. Special handling is required.

WARN: ArkTS:WARN File: D:/Arkts/3.8.11/legado-harmonydsh/oh_modules/.ohpm/@pura+harmony-utils@1.3.2/oh_modules/@pura/harmony-utils/src/main/ets/utils/FileUtil.ets:531:15
 Function may throw exceptions. Special handling is required.

WARN: ArkTS:WARN File: D:/Arkts/3.8.11/legado-harmonydsh/oh_modules/.ohpm/@pura+harmony-utils@1.3.2/oh_modules/@pura/harmony-utils/src/main/ets/utils/FileUtil.ets:541:8
 Function may throw exceptions. Special handling is required.

WARN: ArkTS:WARN File: D:/Arkts/3.8.11/legado-harmonydsh/oh_modules/.ohpm/@pura+harmony-utils@1.3.2/oh_modules/@pura/harmony-utils/src/main/ets/utils/FileUtil.ets:554:15
 Function may throw exceptions. Special handling is required.

WARN: ArkTS:WARN File: D:/Arkts/3.8.11/legado-harmonydsh/oh_modules/.ohpm/@pura+harmony-utils@1.3.2/oh_modules/@pura/harmony-utils/src/main/ets/utils/FileUtil.ets:567:8
 Function may throw exceptions. Special handling is required.

WARN: ArkTS:WARN File: D:/Arkts/3.8.11/legado-harmonydsh/oh_modules/.ohpm/@pura+harmony-utils@1.3.2/oh_modules/@pura/harmony-utils/src/main/ets/utils/FileUtil.ets:579:15
 Function may throw exceptions. Special handling is required.

WARN: ArkTS:WARN File: D:/Arkts/3.8.11/legado-harmonydsh/oh_modules/.ohpm/@pura+harmony-utils@1.3.2/oh_modules/@pura/harmony-utils/src/main/ets/utils/FileUtil.ets:590:8
 Function may throw exceptions. Special handling is required.

WARN: ArkTS:WARN File: D:/Arkts/3.8.11/legado-harmonydsh/oh_modules/.ohpm/@pura+harmony-utils@1.3.2/oh_modules/@pura/harmony-utils/src/main/ets/utils/FileUtil.ets:605:15
 Function may throw exceptions. Special handling is required.

WARN: ArkTS:WARN File: D:/Arkts/3.8.11/legado-harmonydsh/oh_modules/.ohpm/@pura+harmony-utils@1.3.2/oh_modules/@pura/harmony-utils/src/main/ets/utils/FileUtil.ets:620:15
 Function may throw exceptions. Special handling is required.

WARN: ArkTS:WARN File: D:/Arkts/3.8.11/legado-harmonydsh/oh_modules/.ohpm/@pura+harmony-utils@1.3.2/oh_modules/@pura/harmony-utils/src/main/ets/utils/FileUtil.ets:631:15
 Function may throw exceptions. Special handling is required.

WARN: ArkTS:WARN File: D:/Arkts/3.8.11/legado-harmonydsh/oh_modules/.ohpm/@pura+harmony-utils@1.3.2/oh_modules/@pura/harmony-utils/src/main/ets/utils/FileUtil.ets:641:8
 Function may throw exceptions. Special handling is required.

WARN: ArkTS:WARN File: D:/Arkts/3.8.11/legado-harmonydsh/oh_modules/.ohpm/@pura+harmony-utils@1.3.2/oh_modules/@pura/harmony-utils/src/main/ets/utils/FileUtil.ets:651:15
 Function may throw exceptions. Special handling is required.

WARN: ArkTS:WARN File: D:/Arkts/3.8.11/legado-harmonydsh/oh_modules/.ohpm/@pura+harmony-utils@1.3.2/oh_modules/@pura/harmony-utils/src/main/ets/utils/FileUtil.ets:660:15
 Function may throw exceptions. Special handling is required.

WARN: ArkTS:WARN File: D:/Arkts/3.8.11/legado-harmonydsh/oh_modules/.ohpm/@pura+harmony-utils@1.3.2/oh_modules/@pura/harmony-utils/src/main/ets/utils/FileUtil.ets:670:15
 Function may throw exceptions. Special handling is required.

WARN: ArkTS:WARN File: D:/Arkts/3.8.11/legado-harmonydsh/oh_modules/.ohpm/@pura+harmony-utils@1.3.2/oh_modules/@pura/harmony-utils/src/main/ets/utils/FileUtil.ets:678:8
 Function may throw exceptions. Special handling is required.

WARN: ArkTS:WARN File: D:/Arkts/3.8.11/legado-harmonydsh/oh_modules/.ohpm/@pura+harmony-utils@1.3.2/oh_modules/@pura/harmony-utils/src/main/ets/utils/FileUtil.ets:688:15
 Function may throw exceptions. Special handling is required.

WARN: ArkTS:WARN File: D:/Arkts/3.8.11/legado-harmonydsh/oh_modules/.ohpm/@pura+harmony-utils@1.3.2/oh_modules/@pura/harmony-utils/src/main/ets/utils/FileUtil.ets:696:8
 Function may throw exceptions. Special handling is required.

WARN: ArkTS:WARN File: D:/Arkts/3.8.11/legado-harmonydsh/oh_modules/.ohpm/@pura+harmony-utils@1.3.2/oh_modules/@pura/harmony-utils/src/main/ets/utils/FileUtil.ets:713:15
 Function may throw exceptions. Special handling is required.

WARN: ArkTS:WARN File: D:/Arkts/3.8.11/legado-harmonydsh/oh_modules/.ohpm/@pura+harmony-utils@1.3.2/oh_modules/@pura/harmony-utils/src/main/ets/utils/FileUtil.ets:729:15
 Function may throw exceptions. Special handling is required.

WARN: ArkTS:WARN File: D:/Arkts/3.8.11/legado-harmonydsh/oh_modules/.ohpm/@pura+harmony-utils@1.3.2/oh_modules/@pura/harmony-utils/src/main/ets/utils/FileUtil.ets:745:15
 Function may throw exceptions. Special handling is required.

WARN: ArkTS:WARN File: D:/Arkts/3.8.11/legado-harmonydsh/oh_modules/.ohpm/@pura+harmony-utils@1.3.2/oh_modules/@pura/harmony-utils/src/main/ets/utils/FileUtil.ets:761:15
 Function may throw exceptions. Special handling is required.

WARN: ArkTS:WARN File: D:/Arkts/3.8.11/legado-harmonydsh/oh_modules/.ohpm/@pura+harmony-utils@1.3.2/oh_modules/@pura/harmony-utils/src/main/ets/utils/FileUtil.ets:771:15
 Function may throw exceptions. Special handling is required.

WARN: ArkTS:WARN File: D:/Arkts/3.8.11/legado-harmonydsh/oh_modules/.ohpm/@pura+harmony-utils@1.3.2/oh_modules/@pura/harmony-utils/src/main/ets/utils/FileUtil.ets:780:15
 Function may throw exceptions. Special handling is required.

WARN: ArkTS:WARN File: D:/Arkts/3.8.11/legado-harmonydsh/oh_modules/.ohpm/@pura+harmony-utils@1.3.2/oh_modules/@pura/harmony-utils/src/main/ets/utils/FileUtil.ets:790:15
 Function may throw exceptions. Special handling is required.

WARN: ArkTS:WARN File: D:/Arkts/3.8.11/legado-harmonydsh/oh_modules/.ohpm/@pura+harmony-utils@1.3.2/oh_modules/@pura/harmony-utils/src/main/ets/utils/FileUtil.ets:801:8
 Function may throw exceptions. Special handling is required.

WARN: ArkTS:WARN File: D:/Arkts/3.8.11/legado-harmonydsh/oh_modules/.ohpm/@pura+harmony-utils@1.3.2/oh_modules/@pura/harmony-utils/src/main/ets/utils/FileUtil.ets:838:22
 To use this API, you need to apply for the permissions: ohos.permission.FILE_ACCESS_PERSIST

WARN: ArkTS:WARN File: D:/Arkts/3.8.11/legado-harmonydsh/oh_modules/.ohpm/@pura+harmony-utils@1.3.2/oh_modules/@pura/harmony-utils/src/main/ets/utils/FileUtil.ets:838:22
 Function may throw exceptions. Special handling is required.

WARN: ArkTS:WARN File: D:/Arkts/3.8.11/legado-harmonydsh/oh_modules/.ohpm/@pura+harmony-utils@1.3.2/oh_modules/@pura/harmony-utils/src/main/ets/utils/FileUtil.ets:846:22
 To use this API, you need to apply for the permissions: ohos.permission.FILE_ACCESS_PERSIST

WARN: ArkTS:WARN File: D:/Arkts/3.8.11/legado-harmonydsh/oh_modules/.ohpm/@pura+harmony-utils@1.3.2/oh_modules/@pura/harmony-utils/src/main/ets/utils/FileUtil.ets:846:22
 Function may throw exceptions. Special handling is required.

WARN: ArkTS:WARN File: D:/Arkts/3.8.11/legado-harmonydsh/oh_modules/.ohpm/@pura+harmony-utils@1.3.2/oh_modules/@pura/harmony-utils/src/main/ets/utils/FileUtil.ets:863:22
 To use this API, you need to apply for the permissions: ohos.permission.FILE_ACCESS_PERSIST

WARN: ArkTS:WARN File: D:/Arkts/3.8.11/legado-harmonydsh/oh_modules/.ohpm/@pura+harmony-utils@1.3.2/oh_modules/@pura/harmony-utils/src/main/ets/utils/FileUtil.ets:863:22
 Function may throw exceptions. Special handling is required.

WARN: ArkTS:WARN File: D:/Arkts/3.8.11/legado-harmonydsh/oh_modules/.ohpm/@pura+harmony-utils@1.3.2/oh_modules/@pura/harmony-utils/src/main/ets/utils/FileUtil.ets:871:22
 To use this API, you need to apply for the permissions: ohos.permission.FILE_ACCESS_PERSIST

WARN: ArkTS:WARN File: D:/Arkts/3.8.11/legado-harmonydsh/oh_modules/.ohpm/@pura+harmony-utils@1.3.2/oh_modules/@pura/harmony-utils/src/main/ets/utils/FileUtil.ets:871:22
 Function may throw exceptions. Special handling is required.

WARN: ArkTS:WARN File: D:/Arkts/3.8.11/legado-harmonydsh/oh_modules/.ohpm/@pura+harmony-utils@1.3.2/oh_modules/@pura/harmony-utils/src/main/ets/utils/FileUtil.ets:888:22
 To use this API, you need to apply for the permissions: ohos.permission.FILE_ACCESS_PERSIST

WARN: ArkTS:WARN File: D:/Arkts/3.8.11/legado-harmonydsh/oh_modules/.ohpm/@pura+harmony-utils@1.3.2/oh_modules/@pura/harmony-utils/src/main/ets/utils/FileUtil.ets:888:22
 Function may throw exceptions. Special handling is required.

WARN: ArkTS:WARN File: D:/Arkts/3.8.11/legado-harmonydsh/oh_modules/.ohpm/@pura+harmony-utils@1.3.2/oh_modules/@pura/harmony-utils/src/main/ets/utils/FileUtil.ets:896:22
 To use this API, you need to apply for the permissions: ohos.permission.FILE_ACCESS_PERSIST

WARN: ArkTS:WARN File: D:/Arkts/3.8.11/legado-harmonydsh/oh_modules/.ohpm/@pura+harmony-utils@1.3.2/oh_modules/@pura/harmony-utils/src/main/ets/utils/FileUtil.ets:896:22
 Function may throw exceptions. Special handling is required.

WARN: ArkTS:WARN File: D:/Arkts/3.8.11/legado-harmonydsh/oh_modules/.ohpm/@pura+harmony-utils@1.3.2/oh_modules/@pura/harmony-utils/src/main/ets/utils/FileUtil.ets:913:22
 To use this API, you need to apply for the permissions: ohos.permission.FILE_ACCESS_PERSIST

WARN: ArkTS:WARN File: D:/Arkts/3.8.11/legado-harmonydsh/oh_modules/.ohpm/@pura+harmony-utils@1.3.2/oh_modules/@pura/harmony-utils/src/main/ets/utils/FileUtil.ets:913:22
 Function may throw exceptions. Special handling is required.

WARN: ArkTS:WARN File: D:/Arkts/3.8.11/legado-harmonydsh/oh_modules/.ohpm/@pura+harmony-utils@1.3.2/oh_modules/@pura/harmony-utils/src/main/ets/utils/FileUtil.ets:921:22
 To use this API, you need to apply for the permissions: ohos.permission.FILE_ACCESS_PERSIST

WARN: ArkTS:WARN File: D:/Arkts/3.8.11/legado-harmonydsh/oh_modules/.ohpm/@pura+harmony-utils@1.3.2/oh_modules/@pura/harmony-utils/src/main/ets/utils/FileUtil.ets:921:22
 Function may throw exceptions. Special handling is required.

WARN: ArkTS:WARN File: D:/Arkts/3.8.11/legado-harmonydsh/oh_modules/.ohpm/@pura+harmony-utils@1.3.2/oh_modules/@pura/harmony-utils/src/main/ets/utils/FileUtil.ets:932:22
 Function may throw exceptions. Special handling is required.

WARN: ArkTS:WARN File: D:/Arkts/3.8.11/legado-harmonydsh/oh_modules/.ohpm/@pura+harmony-utils@1.3.2/oh_modules/@pura/harmony-utils/src/main/ets/utils/DateUtil.ets:294:14
 Function may throw exceptions. Special handling is required.

WARN: ArkTS:WARN File: D:/Arkts/3.8.11/legado-harmonydsh/oh_modules/.ohpm/@pura+harmony-utils@1.3.2/oh_modules/@pura/harmony-utils/src/main/ets/utils/DateUtil.ets:430:37
 'DateTimeFormat' has been deprecated.

WARN: ArkTS:WARN File: D:/Arkts/3.8.11/legado-harmonydsh/oh_modules/.ohpm/@pura+harmony-utils@1.3.2/oh_modules/@pura/harmony-utils/src/main/ets/utils/DateUtil.ets:431:27
 'format' has been deprecated.

WARN: ArkTS:WARN File: D:/Arkts/3.8.11/legado-harmonydsh/oh_modules/.ohpm/@pura+harmony-utils@1.3.2/oh_modules/@pura/harmony-utils/src/main/ets/utils/DateUtil.ets:445:37
 'DateTimeFormat' has been deprecated.

WARN: ArkTS:WARN File: D:/Arkts/3.8.11/legado-harmonydsh/oh_modules/.ohpm/@pura+harmony-utils@1.3.2/oh_modules/@pura/harmony-utils/src/main/ets/utils/DateUtil.ets:446:27
 'formatRange' has been deprecated.

WARN: ArkTS:WARN File: D:/Arkts/3.8.11/legado-harmonydsh/oh_modules/.ohpm/@pura+harmony-utils@1.3.2/oh_modules/@pura/harmony-utils/src/main/ets/utils/DateUtil.ets:459:39
 'RelativeTimeFormat' has been deprecated.

WARN: ArkTS:WARN File: D:/Arkts/3.8.11/legado-harmonydsh/oh_modules/.ohpm/@pura+harmony-utils@1.3.2/oh_modules/@pura/harmony-utils/src/main/ets/utils/DateUtil.ets:460:31
 'format' has been deprecated.

WARN: ArkTS:WARN File: D:/Arkts/3.8.11/legado-harmonydsh/oh_modules/.ohpm/@pura+harmony-utils@1.3.2/oh_modules/@pura/harmony-utils/src/main/ets/utils/WantUtil.ets:105:20
 Function may throw exceptions. Special handling is required.

WARN: ArkTS:WARN File: D:/Arkts/3.8.11/legado-harmonydsh/oh_modules/.ohpm/@pura+harmony-utils@1.3.2/oh_modules/@pura/harmony-utils/src/main/ets/utils/WantUtil.ets:186:20
 Function may throw exceptions. Special handling is required.

WARN: ArkTS:WARN File: D:/Arkts/3.8.11/legado-harmonydsh/oh_modules/.ohpm/@pura+harmony-utils@1.3.2/oh_modules/@pura/harmony-utils/src/main/ets/utils/WantUtil.ets:200:33
 Function may throw exceptions. Special handling is required.

WARN: ArkTS:WARN File: D:/Arkts/3.8.11/legado-harmonydsh/oh_modules/.ohpm/@pura+harmony-utils@1.3.2/oh_modules/@pura/harmony-utils/src/main/ets/utils/WantUtil.ets:212:33
 Function may throw exceptions. Special handling is required.

WARN: ArkTS:WARN File: D:/Arkts/3.8.11/legado-harmonydsh/oh_modules/.ohpm/@pura+harmony-utils@1.3.2/oh_modules/@pura/harmony-utils/src/main/ets/utils/WantUtil.ets:234:33
 Function may throw exceptions. Special handling is required.

WARN: ArkTS:WARN File: D:/Arkts/3.8.11/legado-harmonydsh/oh_modules/.ohpm/@pura+harmony-utils@1.3.2/oh_modules/@pura/harmony-utils/src/main/ets/utils/WantUtil.ets:251:33
 Function may throw exceptions. Special handling is required.

WARN: ArkTS:WARN File: D:/Arkts/3.8.11/legado-harmonydsh/oh_modules/.ohpm/@pura+harmony-utils@1.3.2/oh_modules/@pura/harmony-utils/src/main/ets/utils/ImageUtil.ets:185:24
 'packing' has been deprecated.

WARN: ArkTS:WARN File: D:/Arkts/3.8.11/legado-harmonydsh/oh_modules/.ohpm/@pura+harmony-utils@1.3.2/oh_modules/@pura/harmony-utils/src/main/ets/utils/ImageUtil.ets:202:24
 'packing' has been deprecated.

WARN: ArkTS:WARN File: D:/Arkts/3.8.11/legado-harmonydsh/oh_modules/.ohpm/@pura+harmony-utils@1.3.2/oh_modules/@pura/harmony-utils/src/main/ets/utils/ImageUtil.ets:220:24
 Function may throw exceptions. Special handling is required.

WARN: ArkTS:WARN File: D:/Arkts/3.8.11/legado-harmonydsh/oh_modules/.ohpm/@pura+harmony-utils@1.3.2/oh_modules/@pura/harmony-utils/src/main/ets/utils/ImageUtil.ets:238:24
 Function may throw exceptions. Special handling is required.

WARN: ArkTS:WARN File: D:/Arkts/3.8.11/legado-harmonydsh/oh_modules/.ohpm/@pura+harmony-utils@1.3.2/oh_modules/@pura/harmony-utils/src/main/ets/utils/ImageUtil.ets:267:65
 'packing' has been deprecated.

WARN: ArkTS:WARN File: D:/Arkts/3.8.11/legado-harmonydsh/oh_modules/.ohpm/@pura+harmony-utils@1.3.2/oh_modules/@pura/harmony-utils/src/main/ets/utils/ImageUtil.ets:305:52
 'packing' has been deprecated.

WARN: ArkTS:WARN File: D:/Arkts/3.8.11/legado-harmonydsh/oh_modules/.ohpm/@pura+harmony-utils@1.3.2/oh_modules/@pura/harmony-utils/src/main/ets/utils/NotificationUtil.ets:58:32
 Function may throw exceptions. Special handling is required.

WARN: ArkTS:WARN File: D:/Arkts/3.8.11/legado-harmonydsh/oh_modules/.ohpm/@pura+harmony-utils@1.3.2/oh_modules/@pura/harmony-utils/src/main/ets/utils/NotificationUtil.ets:65:32
 Function may throw exceptions. Special handling is required.

WARN: ArkTS:WARN File: D:/Arkts/3.8.11/legado-harmonydsh/oh_modules/.ohpm/@pura+harmony-utils@1.3.2/oh_modules/@pura/harmony-utils/src/main/ets/utils/NotificationUtil.ets:97:32
 Function may throw exceptions. Special handling is required.

WARN: ArkTS:WARN File: D:/Arkts/3.8.11/legado-harmonydsh/oh_modules/.ohpm/@pura+harmony-utils@1.3.2/oh_modules/@pura/harmony-utils/src/main/ets/utils/NotificationUtil.ets:106:32
 'isDistributedEnabled' has been deprecated.

WARN: ArkTS:WARN File: D:/Arkts/3.8.11/legado-harmonydsh/oh_modules/.ohpm/@pura+harmony-utils@1.3.2/oh_modules/@pura/harmony-utils/src/main/ets/utils/NotificationUtil.ets:106:32
 Function may throw exceptions. Special handling is required.

WARN: ArkTS:WARN File: D:/Arkts/3.8.11/legado-harmonydsh/oh_modules/.ohpm/@pura+harmony-utils@1.3.2/oh_modules/@pura/harmony-utils/src/main/ets/utils/NotificationUtil.ets:133:31
 Function may throw exceptions. Special handling is required.

WARN: ArkTS:WARN File: D:/Arkts/3.8.11/legado-harmonydsh/oh_modules/.ohpm/@pura+harmony-utils@1.3.2/oh_modules/@pura/harmony-utils/src/main/ets/utils/NotificationUtil.ets:164:31
 Function may throw exceptions. Special handling is required.

WARN: ArkTS:WARN File: D:/Arkts/3.8.11/legado-harmonydsh/oh_modules/.ohpm/@pura+harmony-utils@1.3.2/oh_modules/@pura/harmony-utils/src/main/ets/utils/NotificationUtil.ets:195:31
 Function may throw exceptions. Special handling is required.

WARN: ArkTS:WARN File: D:/Arkts/3.8.11/legado-harmonydsh/oh_modules/.ohpm/@pura+harmony-utils@1.3.2/oh_modules/@pura/harmony-utils/src/main/ets/utils/NotificationUtil.ets:226:31
 Function may throw exceptions. Special handling is required.

WARN: ArkTS:WARN File: D:/Arkts/3.8.11/legado-harmonydsh/oh_modules/.ohpm/@pura+harmony-utils@1.3.2/oh_modules/@pura/harmony-utils/src/main/ets/utils/NotificationUtil.ets:258:31
 Function may throw exceptions. Special handling is required.

WARN: ArkTS:WARN File: D:/Arkts/3.8.11/legado-harmonydsh/oh_modules/.ohpm/@pura+harmony-utils@1.3.2/oh_modules/@pura/harmony-utils/src/main/ets/utils/NotificationUtil.ets:270:32
 Function may throw exceptions. Special handling is required.

WARN: ArkTS:WARN File: D:/Arkts/3.8.11/legado-harmonydsh/oh_modules/.ohpm/@pura+harmony-utils@1.3.2/oh_modules/@pura/harmony-utils/src/main/ets/utils/NotificationUtil.ets:279:32
 Function may throw exceptions. Special handling is required.

WARN: ArkTS:WARN File: D:/Arkts/3.8.11/legado-harmonydsh/oh_modules/.ohpm/@pura+harmony-utils@1.3.2/oh_modules/@pura/harmony-utils/src/main/ets/utils/NotificationUtil.ets:287:32
 Function may throw exceptions. Special handling is required.

WARN: ArkTS:WARN File: D:/Arkts/3.8.11/legado-harmonydsh/oh_modules/.ohpm/@pura+harmony-utils@1.3.2/oh_modules/@pura/harmony-utils/src/main/ets/utils/NotificationUtil.ets:295:32
 Function may throw exceptions. Special handling is required.

WARN: ArkTS:WARN File: D:/Arkts/3.8.11/legado-harmonydsh/oh_modules/.ohpm/@pura+harmony-utils@1.3.2/oh_modules/@pura/harmony-utils/src/main/ets/utils/NotificationUtil.ets:302:32
 Function may throw exceptions. Special handling is required.

WARN: ArkTS:WARN File: D:/Arkts/3.8.11/legado-harmonydsh/oh_modules/.ohpm/@pura+harmony-utils@1.3.2/oh_modules/@pura/harmony-utils/src/main/ets/utils/NotificationUtil.ets:310:32
 Function may throw exceptions. Special handling is required.

WARN: ArkTS:WARN File: D:/Arkts/3.8.11/legado-harmonydsh/oh_modules/.ohpm/@pura+harmony-utils@1.3.2/oh_modules/@pura/harmony-utils/src/main/ets/utils/NotificationUtil.ets:319:32
 Function may throw exceptions. Special handling is required.

WARN: ArkTS:WARN File: D:/Arkts/3.8.11/legado-harmonydsh/oh_modules/.ohpm/@pura+harmony-utils@1.3.2/oh_modules/@pura/harmony-utils/src/main/ets/utils/NotificationUtil.ets:327:32
 Function may throw exceptions. Special handling is required.

WARN: ArkTS:WARN File: D:/Arkts/3.8.11/legado-harmonydsh/oh_modules/.ohpm/@pura+harmony-utils@1.3.2/oh_modules/@pura/harmony-utils/src/main/ets/utils/NotificationUtil.ets:336:32
 Function may throw exceptions. Special handling is required.

WARN: ArkTS:WARN File: D:/Arkts/3.8.11/legado-harmonydsh/oh_modules/.ohpm/@pura+harmony-utils@1.3.2/oh_modules/@pura/harmony-utils/src/main/ets/utils/NotificationUtil.ets:344:32
 Function may throw exceptions. Special handling is required.

WARN: ArkTS:WARN File: D:/Arkts/3.8.11/legado-harmonydsh/oh_modules/.ohpm/@pura+harmony-utils@1.3.2/oh_modules/@pura/harmony-utils/src/main/ets/utils/NotificationUtil.ets:352:32
 Function may throw exceptions. Special handling is required.

WARN: ArkTS:WARN File: D:/Arkts/3.8.11/legado-harmonydsh/oh_modules/.ohpm/@pura+harmony-utils@1.3.2/oh_modules/@pura/harmony-utils/src/main/ets/utils/NotificationUtil.ets:362:32
 Function may throw exceptions. Special handling is required.

WARN: ArkTS:WARN File: D:/Arkts/3.8.11/legado-harmonydsh/oh_modules/.ohpm/@pura+harmony-utils@1.3.2/oh_modules/@pura/harmony-utils/src/main/ets/utils/NotificationUtil.ets:370:32
 Function may throw exceptions. Special handling is required.

WARN: ArkTS:WARN File: D:/Arkts/3.8.11/legado-harmonydsh/oh_modules/.ohpm/@pura+harmony-utils@1.3.2/oh_modules/@pura/harmony-utils/src/main/ets/utils/NotificationUtil.ets:396:22
 Function may throw exceptions. Special handling is required.

WARN: ArkTS:WARN File: D:/Arkts/3.8.11/legado-harmonydsh/oh_modules/.ohpm/@pura+harmony-utils@1.3.2/oh_modules/@pura/harmony-utils/src/main/ets/utils/NotificationUtil.ets:416:22
 Function may throw exceptions. Special handling is required.

WARN: ArkTS:WARN File: D:/Arkts/3.8.11/legado-harmonydsh/oh_modules/.ohpm/@pura+harmony-utils@1.3.2/oh_modules/@pura/harmony-utils/src/main/ets/utils/NotificationUtil.ets:428:21
 'getContext' has been deprecated.

WARN: ArkTS:WARN File: D:/Arkts/3.8.11/legado-harmonydsh/oh_modules/.ohpm/@pura+harmony-utils@1.3.2/oh_modules/@pura/harmony-utils/src/main/ets/utils/NotificationUtil.ets:445:22
 Function may throw exceptions. Special handling is required.

WARN: ArkTS:WARN File: D:/Arkts/3.8.11/legado-harmonydsh/oh_modules/.ohpm/@pura+harmony-utils@1.3.2/oh_modules/@pura/harmony-utils/src/main/ets/utils/AuthUtil.ets:43:16
 To use this API, you need to apply for the permissions: ohos.permission.ACCESS_BIOMETRIC

WARN: ArkTS:WARN File: D:/Arkts/3.8.11/legado-harmonydsh/oh_modules/.ohpm/@pura+harmony-utils@1.3.2/oh_modules/@pura/harmony-utils/src/main/ets/utils/AuthUtil.ets:110:33
 To use this API, you need to apply for the permissions: ohos.permission.ACCESS_BIOMETRIC or ohos.permission.USER_AUTH_FROM_BACKGROUND [since 20]

WARN: ArkTS:WARN File: D:/Arkts/3.8.11/legado-harmonydsh/oh_modules/.ohpm/@pura+harmony-utils@1.3.2/oh_modules/@pura/harmony-utils/src/main/ets/utils/AuthUtil.ets:127:35
 To use this API, you need to apply for the permissions: ohos.permission.ACCESS_BIOMETRIC

WARN: ArkTS:WARN File: D:/Arkts/3.8.11/legado-harmonydsh/oh_modules/.ohpm/@pura+harmony-utils@1.3.2/oh_modules/@pura/harmony-utils/src/main/ets/utils/KvUtil.ets:49:40
 Function may throw exceptions. Special handling is required.

WARN: ArkTS:WARN File: D:/Arkts/3.8.11/legado-harmonydsh/oh_modules/.ohpm/@pura+harmony-utils@1.3.2/oh_modules/@pura/harmony-utils/src/main/ets/utils/KvUtil.ets:63:20
 Function may throw exceptions. Special handling is required.

WARN: ArkTS:WARN File: D:/Arkts/3.8.11/legado-harmonydsh/oh_modules/.ohpm/@pura+harmony-utils@1.3.2/oh_modules/@pura/harmony-utils/src/main/ets/utils/KvUtil.ets:126:20
 Function may throw exceptions. Special handling is required.

WARN: ArkTS:WARN File: D:/Arkts/3.8.11/legado-harmonydsh/oh_modules/.ohpm/@pura+harmony-utils@1.3.2/oh_modules/@pura/harmony-utils/src/main/ets/utils/KvUtil.ets:136:20
 Function may throw exceptions. Special handling is required.

WARN: ArkTS:WARN File: D:/Arkts/3.8.11/legado-harmonydsh/oh_modules/.ohpm/@pura+harmony-utils@1.3.2/oh_modules/@pura/harmony-utils/src/main/ets/utils/KvUtil.ets:147:20
 Function may throw exceptions. Special handling is required.

WARN: ArkTS:WARN File: D:/Arkts/3.8.11/legado-harmonydsh/oh_modules/.ohpm/@pura+harmony-utils@1.3.2/oh_modules/@pura/harmony-utils/src/main/ets/utils/KvUtil.ets:158:20
 Function may throw exceptions. Special handling is required.

WARN: ArkTS:WARN File: D:/Arkts/3.8.11/legado-harmonydsh/oh_modules/.ohpm/@pura+harmony-utils@1.3.2/oh_modules/@pura/harmony-utils/src/main/ets/utils/KvUtil.ets:169:20
 Function may throw exceptions. Special handling is required.

WARN: ArkTS:WARN File: D:/Arkts/3.8.11/legado-harmonydsh/oh_modules/.ohpm/@pura+harmony-utils@1.3.2/oh_modules/@pura/harmony-utils/src/main/ets/utils/KvUtil.ets:180:20
 Function may throw exceptions. Special handling is required.

WARN: ArkTS:WARN File: D:/Arkts/3.8.11/legado-harmonydsh/oh_modules/.ohpm/@pura+harmony-utils@1.3.2/oh_modules/@pura/harmony-utils/src/main/ets/utils/KvUtil.ets:203:13
 Function may throw exceptions. Special handling is required.

WARN: ArkTS:WARN File: D:/Arkts/3.8.11/legado-harmonydsh/oh_modules/.ohpm/@pura+harmony-utils@1.3.2/oh_modules/@pura/harmony-utils/src/main/ets/utils/KvUtil.ets:214:15
 Function may throw exceptions. Special handling is required.

WARN: ArkTS:WARN File: D:/Arkts/3.8.11/legado-harmonydsh/oh_modules/.ohpm/@pura+harmony-utils@1.3.2/oh_modules/@pura/harmony-utils/src/main/ets/utils/KvUtil.ets:216:15
 Function may throw exceptions. Special handling is required.

WARN: ArkTS:WARN File: D:/Arkts/3.8.11/legado-harmonydsh/oh_modules/.ohpm/@pura+harmony-utils@1.3.2/oh_modules/@pura/harmony-utils/src/main/ets/utils/ObjectUtil.ts:91:23
 Function may throw exceptions. Special handling is required.

WARN: ArkTS:WARN File: D:/Arkts/3.8.11/legado-harmonydsh/oh_modules/.ohpm/@pura+harmony-utils@1.3.2/oh_modules/@pura/harmony-utils/src/main/ets/utils/ObjectUtil.ts:93:23
 Function may throw exceptions. Special handling is required.

WARN: ArkTS:WARN File: D:/Arkts/3.8.11/legado-harmonydsh/oh_modules/.ohpm/@pura+harmony-utils@1.3.2/oh_modules/@pura/harmony-utils/src/main/ets/utils/ObjectUtil.ts:95:23
 Function may throw exceptions. Special handling is required.

WARN: ArkTS:WARN File: D:/Arkts/3.8.11/legado-harmonydsh/oh_modules/.ohpm/@pura+harmony-utils@1.3.2/oh_modules/@pura/harmony-utils/src/main/ets/utils/SnapshotUtil.ets:39:30
 'get' has been deprecated.

WARN: ArkTS:WARN File: D:/Arkts/3.8.11/legado-harmonydsh/oh_modules/.ohpm/@pura+harmony-utils@1.3.2/oh_modules/@pura/harmony-utils/src/main/ets/utils/SnapshotUtil.ets:39:30
 Function may throw exceptions. Special handling is required.

WARN: ArkTS:WARN File: D:/Arkts/3.8.11/legado-harmonydsh/oh_modules/.ohpm/@pura+harmony-utils@1.3.2/oh_modules/@pura/harmony-utils/src/main/ets/utils/SnapshotUtil.ets:49:30
 'get' has been deprecated.

WARN: ArkTS:WARN File: D:/Arkts/3.8.11/legado-harmonydsh/oh_modules/.ohpm/@pura+harmony-utils@1.3.2/oh_modules/@pura/harmony-utils/src/main/ets/utils/SnapshotUtil.ets:49:30
 Function may throw exceptions. Special handling is required.

WARN: ArkTS:WARN File: D:/Arkts/3.8.11/legado-harmonydsh/oh_modules/.ohpm/@pura+harmony-utils@1.3.2/oh_modules/@pura/harmony-utils/src/main/ets/utils/SnapshotUtil.ets:63:30
 'createFromBuilder' has been deprecated.

WARN: ArkTS:WARN File: D:/Arkts/3.8.11/legado-harmonydsh/oh_modules/.ohpm/@pura+harmony-utils@1.3.2/oh_modules/@pura/harmony-utils/src/main/ets/utils/SnapshotUtil.ets:63:30
 Function may throw exceptions. Special handling is required.

WARN: ArkTS:WARN File: D:/Arkts/3.8.11/legado-harmonydsh/oh_modules/.ohpm/@pura+harmony-utils@1.3.2/oh_modules/@pura/harmony-utils/src/main/ets/utils/SnapshotUtil.ets:73:53
 Function may throw exceptions. Special handling is required.

WARN: ArkTS:WARN File: D:/Arkts/3.8.11/legado-harmonydsh/oh_modules/.ohpm/@pura+harmony-utils@1.3.2/oh_modules/@pura/harmony-utils/src/main/ets/utils/LocationUtil.ets:36:12
 The system capacity of this api 'geoLocationManager' is not supported on all devices

WARN: ArkTS:WARN File: D:/Arkts/3.8.11/legado-harmonydsh/oh_modules/.ohpm/@pura+harmony-utils@1.3.2/oh_modules/@pura/harmony-utils/src/main/ets/utils/LocationUtil.ets:36:31
 Function may throw exceptions. Special handling is required.

WARN: ArkTS:WARN File: D:/Arkts/3.8.11/legado-harmonydsh/oh_modules/.ohpm/@pura+harmony-utils@1.3.2/oh_modules/@pura/harmony-utils/src/main/ets/utils/LocationUtil.ets:69:14
 The system capacity of this api 'geoLocationManager' is not supported on all devices

WARN: ArkTS:WARN File: D:/Arkts/3.8.11/legado-harmonydsh/oh_modules/.ohpm/@pura+harmony-utils@1.3.2/oh_modules/@pura/harmony-utils/src/main/ets/utils/LocationUtil.ets:69:33
 To use this API, you need to apply for the permissions: ohos.permission.APPROXIMATELY_LOCATION

WARN: ArkTS:WARN File: D:/Arkts/3.8.11/legado-harmonydsh/oh_modules/.ohpm/@pura+harmony-utils@1.3.2/oh_modules/@pura/harmony-utils/src/main/ets/utils/LocationUtil.ets:69:33
 Function may throw exceptions. Special handling is required.

WARN: ArkTS:WARN File: D:/Arkts/3.8.11/legado-harmonydsh/oh_modules/.ohpm/@pura+harmony-utils@1.3.2/oh_modules/@pura/harmony-utils/src/main/ets/utils/LocationUtil.ets:71:14
 The system capacity of this api 'geoLocationManager' is not supported on all devices

WARN: ArkTS:WARN File: D:/Arkts/3.8.11/legado-harmonydsh/oh_modules/.ohpm/@pura+harmony-utils@1.3.2/oh_modules/@pura/harmony-utils/src/main/ets/utils/LocationUtil.ets:71:33
 To use this API, you need to apply for the permissions: ohos.permission.APPROXIMATELY_LOCATION

WARN: ArkTS:WARN File: D:/Arkts/3.8.11/legado-harmonydsh/oh_modules/.ohpm/@pura+harmony-utils@1.3.2/oh_modules/@pura/harmony-utils/src/main/ets/utils/LocationUtil.ets:71:33
 Function may throw exceptions. Special handling is required.

WARN: ArkTS:WARN File: D:/Arkts/3.8.11/legado-harmonydsh/oh_modules/.ohpm/@pura+harmony-utils@1.3.2/oh_modules/@pura/harmony-utils/src/main/ets/utils/LocationUtil.ets:84:21
 The system capacity of this api 'geoLocationManager' is not supported on all devices

WARN: ArkTS:WARN File: D:/Arkts/3.8.11/legado-harmonydsh/oh_modules/.ohpm/@pura+harmony-utils@1.3.2/oh_modules/@pura/harmony-utils/src/main/ets/utils/LocationUtil.ets:85:21
 The system capacity of this api 'geoLocationManager' is not supported on all devices

WARN: ArkTS:WARN File: D:/Arkts/3.8.11/legado-harmonydsh/oh_modules/.ohpm/@pura+harmony-utils@1.3.2/oh_modules/@pura/harmony-utils/src/main/ets/utils/LocationUtil.ets:90:7
 The system capacity of this api 'geoLocationManager' is not supported on all devices

WARN: ArkTS:WARN File: D:/Arkts/3.8.11/legado-harmonydsh/oh_modules/.ohpm/@pura+harmony-utils@1.3.2/oh_modules/@pura/harmony-utils/src/main/ets/utils/LocationUtil.ets:90:26
 To use this API, you need to apply for the permissions: ohos.permission.APPROXIMATELY_LOCATION

WARN: ArkTS:WARN File: D:/Arkts/3.8.11/legado-harmonydsh/oh_modules/.ohpm/@pura+harmony-utils@1.3.2/oh_modules/@pura/harmony-utils/src/main/ets/utils/LocationUtil.ets:109:7
 The system capacity of this api 'geoLocationManager' is not supported on all devices

WARN: ArkTS:WARN File: D:/Arkts/3.8.11/legado-harmonydsh/oh_modules/.ohpm/@pura+harmony-utils@1.3.2/oh_modules/@pura/harmony-utils/src/main/ets/utils/LocationUtil.ets:109:26
 To use this API, you need to apply for the permissions: ohos.permission.APPROXIMATELY_LOCATION

WARN: ArkTS:WARN File: D:/Arkts/3.8.11/legado-harmonydsh/oh_modules/.ohpm/@pura+harmony-utils@1.3.2/oh_modules/@pura/harmony-utils/src/main/ets/utils/LocationUtil.ets:127:9
 The system capacity of this api 'geoLocationManager' is not supported on all devices

WARN: ArkTS:WARN File: D:/Arkts/3.8.11/legado-harmonydsh/oh_modules/.ohpm/@pura+harmony-utils@1.3.2/oh_modules/@pura/harmony-utils/src/main/ets/utils/LocationUtil.ets:129:9
 The system capacity of this api 'geoLocationManager' is not supported on all devices

WARN: ArkTS:WARN File: D:/Arkts/3.8.11/legado-harmonydsh/oh_modules/.ohpm/@pura+harmony-utils@1.3.2/oh_modules/@pura/harmony-utils/src/main/ets/utils/LocationUtil.ets:145:12
 The system capacity of this api 'geoLocationManager' is not supported on all devices

WARN: ArkTS:WARN File: D:/Arkts/3.8.11/legado-harmonydsh/oh_modules/.ohpm/@pura+harmony-utils@1.3.2/oh_modules/@pura/harmony-utils/src/main/ets/utils/LocationUtil.ets:145:31
 Function may throw exceptions. Special handling is required.

WARN: ArkTS:WARN File: D:/Arkts/3.8.11/legado-harmonydsh/oh_modules/.ohpm/@pura+harmony-utils@1.3.2/oh_modules/@pura/harmony-utils/src/main/ets/utils/LocationUtil.ets:162:24
 The system capacity of this api 'geoLocationManager' is not supported on all devices

WARN: ArkTS:WARN File: D:/Arkts/3.8.11/legado-harmonydsh/oh_modules/.ohpm/@pura+harmony-utils@1.3.2/oh_modules/@pura/harmony-utils/src/main/ets/utils/LocationUtil.ets:162:43
 Function may throw exceptions. Special handling is required.

WARN: ArkTS:WARN File: D:/Arkts/3.8.11/legado-harmonydsh/oh_modules/.ohpm/@pura+harmony-utils@1.3.2/oh_modules/@pura/harmony-utils/src/main/ets/utils/LocationUtil.ets:198:24
 The system capacity of this api 'geoLocationManager' is not supported on all devices

WARN: ArkTS:WARN File: D:/Arkts/3.8.11/legado-harmonydsh/oh_modules/.ohpm/@pura+harmony-utils@1.3.2/oh_modules/@pura/harmony-utils/src/main/ets/utils/LocationUtil.ets:198:43
 Function may throw exceptions. Special handling is required.

WARN: ArkTS:WARN File: D:/Arkts/3.8.11/legado-harmonydsh/oh_modules/.ohpm/@pura+harmony-utils@1.3.2/oh_modules/@pura/harmony-utils/src/main/ets/utils/LocationUtil.ets:226:24
 The system capacity of this api 'geoLocationManager' is not supported on all devices

WARN: ArkTS:WARN File: D:/Arkts/3.8.11/legado-harmonydsh/oh_modules/.ohpm/@pura+harmony-utils@1.3.2/oh_modules/@pura/harmony-utils/src/main/ets/utils/LocationUtil.ets:226:43
 Function may throw exceptions. Special handling is required.

WARN: ArkTS:WARN File: D:/Arkts/3.8.11/legado-harmonydsh/oh_modules/.ohpm/@pura+harmony-utils@1.3.2/oh_modules/@pura/harmony-utils/src/main/ets/utils/KeyboardUtil.ets:38:64
 Function may throw exceptions. Special handling is required.

WARN: ArkTS:WARN File: D:/Arkts/3.8.11/legado-harmonydsh/oh_modules/.ohpm/@pura+harmony-utils@1.3.2/oh_modules/@pura/harmony-utils/src/main/ets/utils/PasteboardUtil.ets:36:49
 Function may throw exceptions. Special handling is required.

WARN: ArkTS:WARN File: D:/Arkts/3.8.11/legado-harmonydsh/oh_modules/.ohpm/@pura+harmony-utils@1.3.2/oh_modules/@pura/harmony-utils/src/main/ets/utils/PasteboardUtil.ets:47:49
 Function may throw exceptions. Special handling is required.

WARN: ArkTS:WARN File: D:/Arkts/3.8.11/legado-harmonydsh/oh_modules/.ohpm/@pura+harmony-utils@1.3.2/oh_modules/@pura/harmony-utils/src/main/ets/utils/PasteboardUtil.ets:58:49
 Function may throw exceptions. Special handling is required.

WARN: ArkTS:WARN File: D:/Arkts/3.8.11/legado-harmonydsh/oh_modules/.ohpm/@pura+harmony-utils@1.3.2/oh_modules/@pura/harmony-utils/src/main/ets/utils/PasteboardUtil.ets:67:49
 To use this API, you need to apply for the permissions: ohos.permission.READ_PASTEBOARD [since 12]

WARN: ArkTS:WARN File: D:/Arkts/3.8.11/legado-harmonydsh/oh_modules/.ohpm/@pura+harmony-utils@1.3.2/oh_modules/@pura/harmony-utils/src/main/ets/utils/PasteboardUtil.ets:67:49
 Function may throw exceptions. Special handling is required.

WARN: ArkTS:WARN File: D:/Arkts/3.8.11/legado-harmonydsh/oh_modules/.ohpm/@pura+harmony-utils@1.3.2/oh_modules/@pura/harmony-utils/src/main/ets/utils/PasteboardUtil.ets:101:55
 To use this API, you need to apply for the permissions: ohos.permission.READ_PASTEBOARD [since 12]

WARN: ArkTS:WARN File: D:/Arkts/3.8.11/legado-harmonydsh/oh_modules/.ohpm/@pura+harmony-utils@1.3.2/oh_modules/@pura/harmony-utils/src/main/ets/utils/PasteboardUtil.ets:101:55
 Function may throw exceptions. Special handling is required.

WARN: ArkTS:WARN File: D:/Arkts/3.8.11/legado-harmonydsh/oh_modules/.ohpm/@pura+harmony-utils@1.3.2/oh_modules/@pura/harmony-utils/src/main/ets/utils/PasteboardUtil.ets:139:49
 Function may throw exceptions. Special handling is required.

WARN: ArkTS:WARN File: D:/Arkts/3.8.11/legado-harmonydsh/oh_modules/.ohpm/@pura+harmony-utils@1.3.2/oh_modules/@pura/harmony-utils/src/main/ets/utils/NetworkUtil.ets:38:23
 To use this API, you need to apply for the permissions: ohos.permission.GET_NETWORK_INFO

WARN: ArkTS:WARN File: D:/Arkts/3.8.11/legado-harmonydsh/oh_modules/.ohpm/@pura+harmony-utils@1.3.2/oh_modules/@pura/harmony-utils/src/main/ets/utils/NetworkUtil.ets:38:23
 Function may throw exceptions. Special handling is required.

WARN: ArkTS:WARN File: D:/Arkts/3.8.11/legado-harmonydsh/oh_modules/.ohpm/@pura+harmony-utils@1.3.2/oh_modules/@pura/harmony-utils/src/main/ets/utils/NetworkUtil.ets:46:23
 To use this API, you need to apply for the permissions: ohos.permission.GET_NETWORK_INFO

WARN: ArkTS:WARN File: D:/Arkts/3.8.11/legado-harmonydsh/oh_modules/.ohpm/@pura+harmony-utils@1.3.2/oh_modules/@pura/harmony-utils/src/main/ets/utils/NetworkUtil.ets:46:23
 Function may throw exceptions. Special handling is required.

WARN: ArkTS:WARN File: D:/Arkts/3.8.11/legado-harmonydsh/oh_modules/.ohpm/@pura+harmony-utils@1.3.2/oh_modules/@pura/harmony-utils/src/main/ets/utils/NetworkUtil.ets:54:23
 To use this API, you need to apply for the permissions: ohos.permission.GET_NETWORK_INFO

WARN: ArkTS:WARN File: D:/Arkts/3.8.11/legado-harmonydsh/oh_modules/.ohpm/@pura+harmony-utils@1.3.2/oh_modules/@pura/harmony-utils/src/main/ets/utils/NetworkUtil.ets:54:23
 Function may throw exceptions. Special handling is required.

WARN: ArkTS:WARN File: D:/Arkts/3.8.11/legado-harmonydsh/oh_modules/.ohpm/@pura+harmony-utils@1.3.2/oh_modules/@pura/harmony-utils/src/main/ets/utils/NetworkUtil.ets:61:23
 To use this API, you need to apply for the permissions: ohos.permission.GET_NETWORK_INFO

WARN: ArkTS:WARN File: D:/Arkts/3.8.11/legado-harmonydsh/oh_modules/.ohpm/@pura+harmony-utils@1.3.2/oh_modules/@pura/harmony-utils/src/main/ets/utils/NetworkUtil.ets:61:23
 Function may throw exceptions. Special handling is required.

WARN: ArkTS:WARN File: D:/Arkts/3.8.11/legado-harmonydsh/oh_modules/.ohpm/@pura+harmony-utils@1.3.2/oh_modules/@pura/harmony-utils/src/main/ets/utils/NetworkUtil.ets:69:23
 To use this API, you need to apply for the permissions: ohos.permission.GET_NETWORK_INFO

WARN: ArkTS:WARN File: D:/Arkts/3.8.11/legado-harmonydsh/oh_modules/.ohpm/@pura+harmony-utils@1.3.2/oh_modules/@pura/harmony-utils/src/main/ets/utils/NetworkUtil.ets:69:23
 Function may throw exceptions. Special handling is required.

WARN: ArkTS:WARN File: D:/Arkts/3.8.11/legado-harmonydsh/oh_modules/.ohpm/@pura+harmony-utils@1.3.2/oh_modules/@pura/harmony-utils/src/main/ets/utils/NetworkUtil.ets:77:23
 To use this API, you need to apply for the permissions: ohos.permission.GET_NETWORK_INFO

WARN: ArkTS:WARN File: D:/Arkts/3.8.11/legado-harmonydsh/oh_modules/.ohpm/@pura+harmony-utils@1.3.2/oh_modules/@pura/harmony-utils/src/main/ets/utils/NetworkUtil.ets:77:23
 Function may throw exceptions. Special handling is required.

WARN: ArkTS:WARN File: D:/Arkts/3.8.11/legado-harmonydsh/oh_modules/.ohpm/@pura+harmony-utils@1.3.2/oh_modules/@pura/harmony-utils/src/main/ets/utils/NetworkUtil.ets:86:23
 Function may throw exceptions. Special handling is required.

WARN: ArkTS:WARN File: D:/Arkts/3.8.11/legado-harmonydsh/oh_modules/.ohpm/@pura+harmony-utils@1.3.2/oh_modules/@pura/harmony-utils/src/main/ets/utils/NetworkUtil.ets:94:23
 Function may throw exceptions. Special handling is required.

WARN: ArkTS:WARN File: D:/Arkts/3.8.11/legado-harmonydsh/oh_modules/.ohpm/@pura+harmony-utils@1.3.2/oh_modules/@pura/harmony-utils/src/main/ets/utils/NetworkUtil.ets:103:23
 To use this API, you need to apply for the permissions: ohos.permission.GET_NETWORK_INFO

WARN: ArkTS:WARN File: D:/Arkts/3.8.11/legado-harmonydsh/oh_modules/.ohpm/@pura+harmony-utils@1.3.2/oh_modules/@pura/harmony-utils/src/main/ets/utils/NetworkUtil.ets:103:23
 Function may throw exceptions. Special handling is required.

WARN: ArkTS:WARN File: D:/Arkts/3.8.11/legado-harmonydsh/oh_modules/.ohpm/@pura+harmony-utils@1.3.2/oh_modules/@pura/harmony-utils/src/main/ets/utils/NetworkUtil.ets:111:23
 To use this API, you need to apply for the permissions: ohos.permission.GET_NETWORK_INFO

WARN: ArkTS:WARN File: D:/Arkts/3.8.11/legado-harmonydsh/oh_modules/.ohpm/@pura+harmony-utils@1.3.2/oh_modules/@pura/harmony-utils/src/main/ets/utils/NetworkUtil.ets:111:23
 Function may throw exceptions. Special handling is required.

WARN: ArkTS:WARN File: D:/Arkts/3.8.11/legado-harmonydsh/oh_modules/.ohpm/@pura+harmony-utils@1.3.2/oh_modules/@pura/harmony-utils/src/main/ets/utils/NetworkUtil.ets:195:23
 To use this API, you need to apply for the permissions: ohos.permission.GET_NETWORK_INFO

WARN: ArkTS:WARN File: D:/Arkts/3.8.11/legado-harmonydsh/oh_modules/.ohpm/@pura+harmony-utils@1.3.2/oh_modules/@pura/harmony-utils/src/main/ets/utils/NetworkUtil.ets:195:23
 Function may throw exceptions. Special handling is required.

WARN: ArkTS:WARN File: D:/Arkts/3.8.11/legado-harmonydsh/oh_modules/.ohpm/@pura+harmony-utils@1.3.2/oh_modules/@pura/harmony-utils/src/main/ets/utils/NetworkUtil.ets:204:23
 To use this API, you need to apply for the permissions: ohos.permission.GET_NETWORK_INFO

WARN: ArkTS:WARN File: D:/Arkts/3.8.11/legado-harmonydsh/oh_modules/.ohpm/@pura+harmony-utils@1.3.2/oh_modules/@pura/harmony-utils/src/main/ets/utils/NetworkUtil.ets:204:23
 Function may throw exceptions. Special handling is required.

WARN: ArkTS:WARN File: D:/Arkts/3.8.11/legado-harmonydsh/oh_modules/.ohpm/@pura+harmony-utils@1.3.2/oh_modules/@pura/harmony-utils/src/main/ets/utils/NetworkUtil.ets:214:23
 To use this API, you need to apply for the permissions: ohos.permission.GET_NETWORK_INFO

WARN: ArkTS:WARN File: D:/Arkts/3.8.11/legado-harmonydsh/oh_modules/.ohpm/@pura+harmony-utils@1.3.2/oh_modules/@pura/harmony-utils/src/main/ets/utils/NetworkUtil.ets:214:23
 Function may throw exceptions. Special handling is required.

WARN: ArkTS:WARN File: D:/Arkts/3.8.11/legado-harmonydsh/oh_modules/.ohpm/@pura+harmony-utils@1.3.2/oh_modules/@pura/harmony-utils/src/main/ets/utils/NetworkUtil.ets:223:23
 To use this API, you need to apply for the permissions: ohos.permission.GET_NETWORK_INFO

WARN: ArkTS:WARN File: D:/Arkts/3.8.11/legado-harmonydsh/oh_modules/.ohpm/@pura+harmony-utils@1.3.2/oh_modules/@pura/harmony-utils/src/main/ets/utils/NetworkUtil.ets:223:23
 Function may throw exceptions. Special handling is required.

WARN: ArkTS:WARN File: D:/Arkts/3.8.11/legado-harmonydsh/oh_modules/.ohpm/@pura+harmony-utils@1.3.2/oh_modules/@pura/harmony-utils/src/main/ets/utils/NetworkUtil.ets:231:33
 To use this API, you need to apply for the permissions: ohos.permission.GET_WIFI_INFO

WARN: ArkTS:WARN File: D:/Arkts/3.8.11/legado-harmonydsh/oh_modules/.ohpm/@pura+harmony-utils@1.3.2/oh_modules/@pura/harmony-utils/src/main/ets/utils/NetworkUtil.ets:231:33
 Function may throw exceptions. Special handling is required.

WARN: ArkTS:WARN File: D:/Arkts/3.8.11/legado-harmonydsh/oh_modules/.ohpm/@pura+harmony-utils@1.3.2/oh_modules/@pura/harmony-utils/src/main/ets/utils/NetworkUtil.ets:255:16
 To use this API, you need to apply for the permissions: ohos.permission.GET_NETWORK_INFO

WARN: ArkTS:WARN File: D:/Arkts/3.8.11/legado-harmonydsh/oh_modules/.ohpm/@pura+harmony-utils@1.3.2/oh_modules/@pura/harmony-utils/src/main/ets/utils/NetworkUtil.ets:264:31
 To use this API, you need to apply for the permissions: ohos.permission.GET_NETWORK_INFO

WARN: ArkTS:WARN File: D:/Arkts/3.8.11/legado-harmonydsh/oh_modules/.ohpm/@pura+harmony-utils@1.3.2/oh_modules/@pura/harmony-utils/src/main/ets/utils/NetworkUtil.ets:324:20
 To use this API, you need to apply for the permissions: ohos.permission.GET_NETWORK_INFO

WARN: ArkTS:WARN File: D:/Arkts/3.8.11/legado-harmonydsh/oh_modules/.ohpm/@pura+harmony-utils@1.3.2/oh_modules/@pura/harmony-utils/src/main/ets/utils/NetworkUtil.ets:324:20
 Function may throw exceptions. Special handling is required.

WARN: ArkTS:WARN File: D:/Arkts/3.8.11/legado-harmonydsh/oh_modules/.ohpm/@pura+harmony-utils@1.3.2/oh_modules/@pura/harmony-utils/src/main/ets/utils/NetworkUtil.ets:326:18
 To use this API, you need to apply for the permissions: ohos.permission.GET_NETWORK_INFO

WARN: ArkTS:WARN File: D:/Arkts/3.8.11/legado-harmonydsh/oh_modules/.ohpm/@pura+harmony-utils@1.3.2/oh_modules/@pura/harmony-utils/src/main/ets/utils/NetworkUtil.ets:326:18
 Function may throw exceptions. Special handling is required.

WARN: ArkTS:WARN File: D:/Arkts/3.8.11/legado-harmonydsh/oh_modules/.ohpm/@pura+harmony-utils@1.3.2/oh_modules/@pura/harmony-utils/src/main/ets/utils/NetworkUtil.ets:335:18
 Function may throw exceptions. Special handling is required.

WARN: ArkTS:WARN File: D:/Arkts/3.8.11/legado-harmonydsh/oh_modules/.ohpm/@pura+harmony-utils@1.3.2/oh_modules/@pura/harmony-utils/src/main/ets/utils/NetworkUtil.ets:346:18
 Function may throw exceptions. Special handling is required.

WARN: ArkTS:WARN File: D:/Arkts/3.8.11/legado-harmonydsh/oh_modules/.ohpm/@pura+harmony-utils@1.3.2/oh_modules/@pura/harmony-utils/src/main/ets/utils/NetworkUtil.ets:356:18
 To use this API, you need to apply for the permissions: ohos.permission.GET_NETWORK_INFO

WARN: ArkTS:WARN File: D:/Arkts/3.8.11/legado-harmonydsh/oh_modules/.ohpm/@pura+harmony-utils@1.3.2/oh_modules/@pura/harmony-utils/src/main/ets/utils/NetworkUtil.ets:356:18
 Function may throw exceptions. Special handling is required.

WARN: ArkTS:WARN File: D:/Arkts/3.8.11/legado-harmonydsh/oh_modules/.ohpm/@pura+harmony-utils@1.3.2/oh_modules/@pura/harmony-utils/src/main/ets/utils/NetworkUtil.ets:367:18
 Function may throw exceptions. Special handling is required.

WARN: ArkTS:WARN File: D:/Arkts/3.8.11/legado-harmonydsh/oh_modules/.ohpm/@pura+harmony-utils@1.3.2/oh_modules/@pura/harmony-utils/src/main/ets/utils/NetworkUtil.ets:378:66
 Function may throw exceptions. Special handling is required.

WARN: ArkTS:WARN File: D:/Arkts/3.8.11/legado-harmonydsh/oh_modules/.ohpm/@pura+harmony-utils@1.3.2/oh_modules/@pura/harmony-utils/src/main/ets/utils/NetworkUtil.ets:460:17
 To use this API, you need to apply for the permissions: ohos.permission.GET_NETWORK_INFO [since 22]

WARN: ArkTS:WARN File: D:/Arkts/3.8.11/legado-harmonydsh/oh_modules/.ohpm/@pura+harmony-utils@1.3.2/oh_modules/@pura/harmony-utils/src/main/ets/utils/NetworkUtil.ets:460:17
 Function may throw exceptions. Special handling is required.

WARN: ArkTS:WARN File: D:/Arkts/3.8.11/legado-harmonydsh/oh_modules/.ohpm/@pura+harmony-utils@1.3.2/oh_modules/@pura/harmony-utils/src/main/ets/utils/NetworkUtil.ets:469:17
 To use this API, you need to apply for the permissions: ohos.permission.GET_NETWORK_INFO [since 22]

WARN: ArkTS:WARN File: D:/Arkts/3.8.11/legado-harmonydsh/oh_modules/.ohpm/@pura+harmony-utils@1.3.2/oh_modules/@pura/harmony-utils/src/main/ets/utils/NetworkUtil.ets:469:17
 Function may throw exceptions. Special handling is required.

WARN: ArkTS:WARN File: D:/Arkts/3.8.11/legado-harmonydsh/oh_modules/.ohpm/@pura+harmony-utils@1.3.2/oh_modules/@pura/harmony-utils/src/main/ets/utils/NetworkUtil.ets:478:17
 To use this API, you need to apply for the permissions: ohos.permission.GET_NETWORK_INFO

WARN: ArkTS:WARN File: D:/Arkts/3.8.11/legado-harmonydsh/oh_modules/.ohpm/@pura+harmony-utils@1.3.2/oh_modules/@pura/harmony-utils/src/main/ets/utils/NetworkUtil.ets:478:17
 Function may throw exceptions. Special handling is required.

WARN: ArkTS:WARN File: D:/Arkts/3.8.11/legado-harmonydsh/oh_modules/.ohpm/@pura+harmony-utils@1.3.2/oh_modules/@pura/harmony-utils/src/main/ets/utils/NetworkUtil.ets:486:17
 To use this API, you need to apply for the permissions: ohos.permission.GET_NETWORK_INFO

WARN: ArkTS:WARN File: D:/Arkts/3.8.11/legado-harmonydsh/oh_modules/.ohpm/@pura+harmony-utils@1.3.2/oh_modules/@pura/harmony-utils/src/main/ets/utils/NetworkUtil.ets:486:17
 Function may throw exceptions. Special handling is required.

WARN: ArkTS:WARN File: D:/Arkts/3.8.11/legado-harmonydsh/oh_modules/.ohpm/@pura+harmony-utils@1.3.2/oh_modules/@pura/harmony-utils/src/main/ets/utils/NetworkUtil.ets:497:17
 To use this API, you need to apply for the permissions: ohos.permission.GET_NETWORK_INFO

WARN: ArkTS:WARN File: D:/Arkts/3.8.11/legado-harmonydsh/oh_modules/.ohpm/@pura+harmony-utils@1.3.2/oh_modules/@pura/harmony-utils/src/main/ets/utils/NetworkUtil.ets:497:17
 Function may throw exceptions. Special handling is required.

WARN: ArkTS:WARN File: D:/Arkts/3.8.11/legado-harmonydsh/oh_modules/.ohpm/@pura+harmony-utils@1.3.2/oh_modules/@pura/harmony-utils/src/main/ets/utils/NetworkUtil.ets:507:17
 To use this API, you need to apply for the permissions: ohos.permission.GET_NETWORK_INFO

WARN: ArkTS:WARN File: D:/Arkts/3.8.11/legado-harmonydsh/oh_modules/.ohpm/@pura+harmony-utils@1.3.2/oh_modules/@pura/harmony-utils/src/main/ets/utils/NetworkUtil.ets:507:17
 Function may throw exceptions. Special handling is required.

WARN: ArkTS:WARN File: D:/Arkts/3.8.11/legado-harmonydsh/oh_modules/.ohpm/@pura+harmony-utils@1.3.2/oh_modules/@pura/harmony-utils/src/main/ets/utils/NetworkUtil.ets:546:16
 Function may throw exceptions. Special handling is required.

WARN: ArkTS:WARN File: D:/Arkts/3.8.11/legado-harmonydsh/oh_modules/.ohpm/@pura+harmony-utils@1.3.2/oh_modules/@pura/harmony-utils/src/main/ets/utils/NetworkUtil.ets:575:16
 Function may throw exceptions. Special handling is required.

WARN: ArkTS:WARN File: D:/Arkts/3.8.11/legado-harmonydsh/oh_modules/.ohpm/@pura+harmony-utils@1.3.2/oh_modules/@pura/harmony-utils/src/main/ets/utils/NetworkUtil.ets:596:16
 Function may throw exceptions. Special handling is required.

WARN: ArkTS:WARN File: D:/Arkts/3.8.11/legado-harmonydsh/oh_modules/.ohpm/@pura+harmony-utils@1.3.2/oh_modules/@pura/harmony-utils/src/main/ets/utils/NetworkUtil.ets:617:16
 Function may throw exceptions. Special handling is required.

WARN: ArkTS:WARN File: D:/Arkts/3.8.11/legado-harmonydsh/oh_modules/.ohpm/@pura+harmony-utils@1.3.2/oh_modules/@pura/harmony-utils/src/main/ets/utils/NetworkUtil.ets:638:16
 Function may throw exceptions. Special handling is required.

WARN: ArkTS:WARN File: D:/Arkts/3.8.11/legado-harmonydsh/oh_modules/.ohpm/@pura+harmony-utils@1.3.2/oh_modules/@pura/harmony-utils/src/main/ets/action/DialogUtil.ets:56:5
 'AlertDialog' has been deprecated.

WARN: ArkTS:WARN File: D:/Arkts/3.8.11/legado-harmonydsh/oh_modules/.ohpm/@pura+harmony-utils@1.3.2/oh_modules/@pura/harmony-utils/src/main/ets/action/DialogUtil.ets:56:17
 'show' has been deprecated.

WARN: ArkTS:WARN File: D:/Arkts/3.8.11/legado-harmonydsh/oh_modules/.ohpm/@pura+harmony-utils@1.3.2/oh_modules/@pura/harmony-utils/src/main/ets/action/DialogUtil.ets:106:5
 'AlertDialog' has been deprecated.

WARN: ArkTS:WARN File: D:/Arkts/3.8.11/legado-harmonydsh/oh_modules/.ohpm/@pura+harmony-utils@1.3.2/oh_modules/@pura/harmony-utils/src/main/ets/action/DialogUtil.ets:106:17
 'show' has been deprecated.

WARN: ArkTS:WARN File: D:/Arkts/3.8.11/legado-harmonydsh/oh_modules/.ohpm/@pura+harmony-utils@1.3.2/oh_modules/@pura/harmony-utils/src/main/ets/action/DialogUtil.ets:157:5
 'AlertDialog' has been deprecated.

WARN: ArkTS:WARN File: D:/Arkts/3.8.11/legado-harmonydsh/oh_modules/.ohpm/@pura+harmony-utils@1.3.2/oh_modules/@pura/harmony-utils/src/main/ets/action/DialogUtil.ets:157:17
 'show' has been deprecated.

WARN: ArkTS:WARN File: D:/Arkts/3.8.11/legado-harmonydsh/oh_modules/.ohpm/@pura+harmony-utils@1.3.2/oh_modules/@pura/harmony-utils/src/main/ets/action/DialogUtil.ets:207:5
 'ActionSheet' has been deprecated.

WARN: ArkTS:WARN File: D:/Arkts/3.8.11/legado-harmonydsh/oh_modules/.ohpm/@pura+harmony-utils@1.3.2/oh_modules/@pura/harmony-utils/src/main/ets/action/DialogUtil.ets:207:17
 'show' has been deprecated.

WARN: ArkTS:WARN File: D:/Arkts/3.8.11/legado-harmonydsh/oh_modules/.ohpm/@pura+harmony-utils@1.3.2/oh_modules/@pura/harmony-utils/src/main/ets/action/DialogUtil.ets:287:22
 'show' has been deprecated.

WARN: ArkTS:WARN File: D:/Arkts/3.8.11/legado-harmonydsh/oh_modules/.ohpm/@pura+harmony-utils@1.3.2/oh_modules/@pura/harmony-utils/src/main/ets/action/DialogUtil.ets:308:22
 'show' has been deprecated.

WARN: ArkTS:WARN File: D:/Arkts/3.8.11/legado-harmonydsh/oh_modules/.ohpm/@pura+harmony-utils@1.3.2/oh_modules/@pura/harmony-utils/src/main/ets/action/DialogUtil.ets:336:22
 'show' has been deprecated.

WARN: ArkTS:WARN File: D:/Arkts/3.8.11/legado-harmonydsh/oh_modules/.ohpm/@pura+harmony-utils@1.3.2/oh_modules/@pura/harmony-utils/src/main/ets/crypto/CryptoHelper.ets:89:21
 Function may throw exceptions. Special handling is required.

WARN: ArkTS:WARN File: D:/Arkts/3.8.11/legado-harmonydsh/oh_modules/.ohpm/@pura+harmony-utils@1.3.2/oh_modules/@pura/harmony-utils/src/main/ets/crypto/CryptoHelper.ets:136:28
 The system capacity of this api 'createRandom' is not supported on all devices

WARN: ArkTS:WARN File: D:/Arkts/3.8.11/legado-harmonydsh/oh_modules/.ohpm/@pura+harmony-utils@1.3.2/oh_modules/@pura/harmony-utils/src/main/ets/crypto/CryptoHelper.ets:136:28
 Function may throw exceptions. Special handling is required.

WARN: ArkTS:WARN File: D:/Arkts/3.8.11/legado-harmonydsh/oh_modules/.ohpm/@pura+harmony-utils@1.3.2/oh_modules/@pura/harmony-utils/src/main/ets/crypto/CryptoHelper.ets:136:43
 The system capacity of this api 'generateRandomSync' is not supported on all devices

WARN: ArkTS:WARN File: D:/Arkts/3.8.11/legado-harmonydsh/oh_modules/.ohpm/@pura+harmony-utils@1.3.2/oh_modules/@pura/harmony-utils/src/main/ets/crypto/CryptoHelper.ets:136:43
 Function may throw exceptions. Special handling is required.

WARN: ArkTS:WARN File: D:/Arkts/3.8.11/legado-harmonydsh/oh_modules/.ohpm/@pura+harmony-utils@1.3.2/oh_modules/@pura/harmony-utils/src/main/ets/crypto/CryptoUtil.ets:39:34
 The system capacity of this api 'createCipher' is not supported on all devices

WARN: ArkTS:WARN File: D:/Arkts/3.8.11/legado-harmonydsh/oh_modules/.ohpm/@pura+harmony-utils@1.3.2/oh_modules/@pura/harmony-utils/src/main/ets/crypto/CryptoUtil.ets:39:34
 Function may throw exceptions. Special handling is required.

WARN: ArkTS:WARN File: D:/Arkts/3.8.11/legado-harmonydsh/oh_modules/.ohpm/@pura+harmony-utils@1.3.2/oh_modules/@pura/harmony-utils/src/main/ets/crypto/CryptoUtil.ets:40:18
 The system capacity of this api 'init' is not supported on all devices

WARN: ArkTS:WARN File: D:/Arkts/3.8.11/legado-harmonydsh/oh_modules/.ohpm/@pura+harmony-utils@1.3.2/oh_modules/@pura/harmony-utils/src/main/ets/crypto/CryptoUtil.ets:40:18
 Function may throw exceptions. Special handling is required.

WARN: ArkTS:WARN File: D:/Arkts/3.8.11/legado-harmonydsh/oh_modules/.ohpm/@pura+harmony-utils@1.3.2/oh_modules/@pura/harmony-utils/src/main/ets/crypto/CryptoUtil.ets:40:39
 The system capacity of this api 'CryptoMode' is not supported on all devices

WARN: ArkTS:WARN File: D:/Arkts/3.8.11/legado-harmonydsh/oh_modules/.ohpm/@pura+harmony-utils@1.3.2/oh_modules/@pura/harmony-utils/src/main/ets/crypto/CryptoUtil.ets:40:50
 The system capacity of this api 'ENCRYPT_MODE' is not supported on all devices

WARN: ArkTS:WARN File: D:/Arkts/3.8.11/legado-harmonydsh/oh_modules/.ohpm/@pura+harmony-utils@1.3.2/oh_modules/@pura/harmony-utils/src/main/ets/crypto/CryptoUtil.ets:41:35
 The system capacity of this api 'doFinal' is not supported on all devices

WARN: ArkTS:WARN File: D:/Arkts/3.8.11/legado-harmonydsh/oh_modules/.ohpm/@pura+harmony-utils@1.3.2/oh_modules/@pura/harmony-utils/src/main/ets/crypto/CryptoUtil.ets:41:35
 Function may throw exceptions. Special handling is required.

WARN: ArkTS:WARN File: D:/Arkts/3.8.11/legado-harmonydsh/oh_modules/.ohpm/@pura+harmony-utils@1.3.2/oh_modules/@pura/harmony-utils/src/main/ets/crypto/CryptoUtil.ets:55:34
 The system capacity of this api 'createCipher' is not supported on all devices

WARN: ArkTS:WARN File: D:/Arkts/3.8.11/legado-harmonydsh/oh_modules/.ohpm/@pura+harmony-utils@1.3.2/oh_modules/@pura/harmony-utils/src/main/ets/crypto/CryptoUtil.ets:55:34
 Function may throw exceptions. Special handling is required.

WARN: ArkTS:WARN File: D:/Arkts/3.8.11/legado-harmonydsh/oh_modules/.ohpm/@pura+harmony-utils@1.3.2/oh_modules/@pura/harmony-utils/src/main/ets/crypto/CryptoUtil.ets:56:12
 Function may throw exceptions. Special handling is required.

WARN: ArkTS:WARN File: D:/Arkts/3.8.11/legado-harmonydsh/oh_modules/.ohpm/@pura+harmony-utils@1.3.2/oh_modules/@pura/harmony-utils/src/main/ets/crypto/CryptoUtil.ets:56:37
 The system capacity of this api 'CryptoMode' is not supported on all devices

WARN: ArkTS:WARN File: D:/Arkts/3.8.11/legado-harmonydsh/oh_modules/.ohpm/@pura+harmony-utils@1.3.2/oh_modules/@pura/harmony-utils/src/main/ets/crypto/CryptoUtil.ets:56:48
 The system capacity of this api 'ENCRYPT_MODE' is not supported on all devices

WARN: ArkTS:WARN File: D:/Arkts/3.8.11/legado-harmonydsh/oh_modules/.ohpm/@pura+harmony-utils@1.3.2/oh_modules/@pura/harmony-utils/src/main/ets/crypto/CryptoUtil.ets:57:29
 Function may throw exceptions. Special handling is required.

WARN: ArkTS:WARN File: D:/Arkts/3.8.11/legado-harmonydsh/oh_modules/.ohpm/@pura+harmony-utils@1.3.2/oh_modules/@pura/harmony-utils/src/main/ets/crypto/CryptoUtil.ets:72:35
 The system capacity of this api 'createCipher' is not supported on all devices

WARN: ArkTS:WARN File: D:/Arkts/3.8.11/legado-harmonydsh/oh_modules/.ohpm/@pura+harmony-utils@1.3.2/oh_modules/@pura/harmony-utils/src/main/ets/crypto/CryptoUtil.ets:72:35
 Function may throw exceptions. Special handling is required.

WARN: ArkTS:WARN File: D:/Arkts/3.8.11/legado-harmonydsh/oh_modules/.ohpm/@pura+harmony-utils@1.3.2/oh_modules/@pura/harmony-utils/src/main/ets/crypto/CryptoUtil.ets:73:19
 The system capacity of this api 'init' is not supported on all devices

WARN: ArkTS:WARN File: D:/Arkts/3.8.11/legado-harmonydsh/oh_modules/.ohpm/@pura+harmony-utils@1.3.2/oh_modules/@pura/harmony-utils/src/main/ets/crypto/CryptoUtil.ets:73:19
 Function may throw exceptions. Special handling is required.

WARN: ArkTS:WARN File: D:/Arkts/3.8.11/legado-harmonydsh/oh_modules/.ohpm/@pura+harmony-utils@1.3.2/oh_modules/@pura/harmony-utils/src/main/ets/crypto/CryptoUtil.ets:73:40
 The system capacity of this api 'CryptoMode' is not supported on all devices

WARN: ArkTS:WARN File: D:/Arkts/3.8.11/legado-harmonydsh/oh_modules/.ohpm/@pura+harmony-utils@1.3.2/oh_modules/@pura/harmony-utils/src/main/ets/crypto/CryptoUtil.ets:73:51
 The system capacity of this api 'DECRYPT_MODE' is not supported on all devices

WARN: ArkTS:WARN File: D:/Arkts/3.8.11/legado-harmonydsh/oh_modules/.ohpm/@pura+harmony-utils@1.3.2/oh_modules/@pura/harmony-utils/src/main/ets/crypto/CryptoUtil.ets:74:37
 The system capacity of this api 'doFinal' is not supported on all devices

WARN: ArkTS:WARN File: D:/Arkts/3.8.11/legado-harmonydsh/oh_modules/.ohpm/@pura+harmony-utils@1.3.2/oh_modules/@pura/harmony-utils/src/main/ets/crypto/CryptoUtil.ets:74:37
 Function may throw exceptions. Special handling is required.

WARN: ArkTS:WARN File: D:/Arkts/3.8.11/legado-harmonydsh/oh_modules/.ohpm/@pura+harmony-utils@1.3.2/oh_modules/@pura/harmony-utils/src/main/ets/crypto/CryptoUtil.ets:88:35
 The system capacity of this api 'createCipher' is not supported on all devices

WARN: ArkTS:WARN File: D:/Arkts/3.8.11/legado-harmonydsh/oh_modules/.ohpm/@pura+harmony-utils@1.3.2/oh_modules/@pura/harmony-utils/src/main/ets/crypto/CryptoUtil.ets:88:35
 Function may throw exceptions. Special handling is required.

WARN: ArkTS:WARN File: D:/Arkts/3.8.11/legado-harmonydsh/oh_modules/.ohpm/@pura+harmony-utils@1.3.2/oh_modules/@pura/harmony-utils/src/main/ets/crypto/CryptoUtil.ets:89:13
 Function may throw exceptions. Special handling is required.

WARN: ArkTS:WARN File: D:/Arkts/3.8.11/legado-harmonydsh/oh_modules/.ohpm/@pura+harmony-utils@1.3.2/oh_modules/@pura/harmony-utils/src/main/ets/crypto/CryptoUtil.ets:89:38
 The system capacity of this api 'CryptoMode' is not supported on all devices

WARN: ArkTS:WARN File: D:/Arkts/3.8.11/legado-harmonydsh/oh_modules/.ohpm/@pura+harmony-utils@1.3.2/oh_modules/@pura/harmony-utils/src/main/ets/crypto/CryptoUtil.ets:89:49
 The system capacity of this api 'DECRYPT_MODE' is not supported on all devices

WARN: ArkTS:WARN File: D:/Arkts/3.8.11/legado-harmonydsh/oh_modules/.ohpm/@pura+harmony-utils@1.3.2/oh_modules/@pura/harmony-utils/src/main/ets/crypto/CryptoUtil.ets:90:31
 Function may throw exceptions. Special handling is required.

WARN: ArkTS:WARN File: D:/Arkts/3.8.11/legado-harmonydsh/oh_modules/.ohpm/@pura+harmony-utils@1.3.2/oh_modules/@pura/harmony-utils/src/main/ets/crypto/CryptoUtil.ets:101:43
 The system capacity of this api 'createSymKeyGenerator' is not supported on all devices

WARN: ArkTS:WARN File: D:/Arkts/3.8.11/legado-harmonydsh/oh_modules/.ohpm/@pura+harmony-utils@1.3.2/oh_modules/@pura/harmony-utils/src/main/ets/crypto/CryptoUtil.ets:101:43
 Function may throw exceptions. Special handling is required.

WARN: ArkTS:WARN File: D:/Arkts/3.8.11/legado-harmonydsh/oh_modules/.ohpm/@pura+harmony-utils@1.3.2/oh_modules/@pura/harmony-utils/src/main/ets/crypto/CryptoUtil.ets:102:40
 The system capacity of this api 'generateSymKey' is not supported on all devices

WARN: ArkTS:WARN File: D:/Arkts/3.8.11/legado-harmonydsh/oh_modules/.ohpm/@pura+harmony-utils@1.3.2/oh_modules/@pura/harmony-utils/src/main/ets/crypto/CryptoUtil.ets:102:40
 Function may throw exceptions. Special handling is required.

WARN: ArkTS:WARN File: D:/Arkts/3.8.11/legado-harmonydsh/oh_modules/.ohpm/@pura+harmony-utils@1.3.2/oh_modules/@pura/harmony-utils/src/main/ets/crypto/CryptoUtil.ets:112:43
 The system capacity of this api 'createSymKeyGenerator' is not supported on all devices

WARN: ArkTS:WARN File: D:/Arkts/3.8.11/legado-harmonydsh/oh_modules/.ohpm/@pura+harmony-utils@1.3.2/oh_modules/@pura/harmony-utils/src/main/ets/crypto/CryptoUtil.ets:112:43
 Function may throw exceptions. Special handling is required.

WARN: ArkTS:WARN File: D:/Arkts/3.8.11/legado-harmonydsh/oh_modules/.ohpm/@pura+harmony-utils@1.3.2/oh_modules/@pura/harmony-utils/src/main/ets/crypto/CryptoUtil.ets:113:34
 Function may throw exceptions. Special handling is required.

WARN: ArkTS:WARN File: D:/Arkts/3.8.11/legado-harmonydsh/oh_modules/.ohpm/@pura+harmony-utils@1.3.2/oh_modules/@pura/harmony-utils/src/main/ets/crypto/CryptoUtil.ets:129:40
 The system capacity of this api 'createSymKeyGenerator' is not supported on all devices

WARN: ArkTS:WARN File: D:/Arkts/3.8.11/legado-harmonydsh/oh_modules/.ohpm/@pura+harmony-utils@1.3.2/oh_modules/@pura/harmony-utils/src/main/ets/crypto/CryptoUtil.ets:129:40
 Function may throw exceptions. Special handling is required.

WARN: ArkTS:WARN File: D:/Arkts/3.8.11/legado-harmonydsh/oh_modules/.ohpm/@pura+harmony-utils@1.3.2/oh_modules/@pura/harmony-utils/src/main/ets/crypto/CryptoUtil.ets:130:37
 The system capacity of this api 'convertKey' is not supported on all devices

WARN: ArkTS:WARN File: D:/Arkts/3.8.11/legado-harmonydsh/oh_modules/.ohpm/@pura+harmony-utils@1.3.2/oh_modules/@pura/harmony-utils/src/main/ets/crypto/CryptoUtil.ets:130:37
 Function may throw exceptions. Special handling is required.

WARN: ArkTS:WARN File: D:/Arkts/3.8.11/legado-harmonydsh/oh_modules/.ohpm/@pura+harmony-utils@1.3.2/oh_modules/@pura/harmony-utils/src/main/ets/crypto/CryptoUtil.ets:145:40
 The system capacity of this api 'createSymKeyGenerator' is not supported on all devices

WARN: ArkTS:WARN File: D:/Arkts/3.8.11/legado-harmonydsh/oh_modules/.ohpm/@pura+harmony-utils@1.3.2/oh_modules/@pura/harmony-utils/src/main/ets/crypto/CryptoUtil.ets:145:40
 Function may throw exceptions. Special handling is required.

WARN: ArkTS:WARN File: D:/Arkts/3.8.11/legado-harmonydsh/oh_modules/.ohpm/@pura+harmony-utils@1.3.2/oh_modules/@pura/harmony-utils/src/main/ets/crypto/CryptoUtil.ets:146:31
 Function may throw exceptions. Special handling is required.

WARN: ArkTS:WARN File: D:/Arkts/3.8.11/legado-harmonydsh/oh_modules/.ohpm/@pura+harmony-utils@1.3.2/oh_modules/@pura/harmony-utils/src/main/ets/crypto/CryptoUtil.ets:157:43
 The system capacity of this api 'createAsyKeyGenerator' is not supported on all devices

WARN: ArkTS:WARN File: D:/Arkts/3.8.11/legado-harmonydsh/oh_modules/.ohpm/@pura+harmony-utils@1.3.2/oh_modules/@pura/harmony-utils/src/main/ets/crypto/CryptoUtil.ets:157:43
 Function may throw exceptions. Special handling is required.

WARN: ArkTS:WARN File: D:/Arkts/3.8.11/legado-harmonydsh/oh_modules/.ohpm/@pura+harmony-utils@1.3.2/oh_modules/@pura/harmony-utils/src/main/ets/crypto/CryptoUtil.ets:158:41
 The system capacity of this api 'generateKeyPair' is not supported on all devices

WARN: ArkTS:WARN File: D:/Arkts/3.8.11/legado-harmonydsh/oh_modules/.ohpm/@pura+harmony-utils@1.3.2/oh_modules/@pura/harmony-utils/src/main/ets/crypto/CryptoUtil.ets:158:41
 Function may throw exceptions. Special handling is required.

WARN: ArkTS:WARN File: D:/Arkts/3.8.11/legado-harmonydsh/oh_modules/.ohpm/@pura+harmony-utils@1.3.2/oh_modules/@pura/harmony-utils/src/main/ets/crypto/CryptoUtil.ets:168:43
 The system capacity of this api 'createAsyKeyGenerator' is not supported on all devices

WARN: ArkTS:WARN File: D:/Arkts/3.8.11/legado-harmonydsh/oh_modules/.ohpm/@pura+harmony-utils@1.3.2/oh_modules/@pura/harmony-utils/src/main/ets/crypto/CryptoUtil.ets:168:43
 Function may throw exceptions. Special handling is required.

WARN: ArkTS:WARN File: D:/Arkts/3.8.11/legado-harmonydsh/oh_modules/.ohpm/@pura+harmony-utils@1.3.2/oh_modules/@pura/harmony-utils/src/main/ets/crypto/CryptoUtil.ets:169:35
 Function may throw exceptions. Special handling is required.

WARN: ArkTS:WARN File: D:/Arkts/3.8.11/legado-harmonydsh/oh_modules/.ohpm/@pura+harmony-utils@1.3.2/oh_modules/@pura/harmony-utils/src/main/ets/crypto/CryptoUtil.ets:186:43
 The system capacity of this api 'createAsyKeyGenerator' is not supported on all devices

WARN: ArkTS:WARN File: D:/Arkts/3.8.11/legado-harmonydsh/oh_modules/.ohpm/@pura+harmony-utils@1.3.2/oh_modules/@pura/harmony-utils/src/main/ets/crypto/CryptoUtil.ets:186:43
 Function may throw exceptions. Special handling is required.

WARN: ArkTS:WARN File: D:/Arkts/3.8.11/legado-harmonydsh/oh_modules/.ohpm/@pura+harmony-utils@1.3.2/oh_modules/@pura/harmony-utils/src/main/ets/crypto/CryptoUtil.ets:187:41
 The system capacity of this api 'convertKey' is not supported on all devices

WARN: ArkTS:WARN File: D:/Arkts/3.8.11/legado-harmonydsh/oh_modules/.ohpm/@pura+harmony-utils@1.3.2/oh_modules/@pura/harmony-utils/src/main/ets/crypto/CryptoUtil.ets:187:41
 Function may throw exceptions. Special handling is required.

WARN: ArkTS:WARN File: D:/Arkts/3.8.11/legado-harmonydsh/oh_modules/.ohpm/@pura+harmony-utils@1.3.2/oh_modules/@pura/harmony-utils/src/main/ets/crypto/CryptoUtil.ets:204:43
 The system capacity of this api 'createAsyKeyGenerator' is not supported on all devices

WARN: ArkTS:WARN File: D:/Arkts/3.8.11/legado-harmonydsh/oh_modules/.ohpm/@pura+harmony-utils@1.3.2/oh_modules/@pura/harmony-utils/src/main/ets/crypto/CryptoUtil.ets:204:43
 Function may throw exceptions. Special handling is required.

WARN: ArkTS:WARN File: D:/Arkts/3.8.11/legado-harmonydsh/oh_modules/.ohpm/@pura+harmony-utils@1.3.2/oh_modules/@pura/harmony-utils/src/main/ets/crypto/CryptoUtil.ets:205:35
 Function may throw exceptions. Special handling is required.

WARN: ArkTS:WARN File: D:/Arkts/3.8.11/legado-harmonydsh/oh_modules/.ohpm/@pura+harmony-utils@1.3.2/oh_modules/@pura/harmony-utils/src/main/ets/crypto/CryptoUtil.ets:218:43
 The system capacity of this api 'createAsyKeyGenerator' is not supported on all devices

WARN: ArkTS:WARN File: D:/Arkts/3.8.11/legado-harmonydsh/oh_modules/.ohpm/@pura+harmony-utils@1.3.2/oh_modules/@pura/harmony-utils/src/main/ets/crypto/CryptoUtil.ets:218:43
 Function may throw exceptions. Special handling is required.

WARN: ArkTS:WARN File: D:/Arkts/3.8.11/legado-harmonydsh/oh_modules/.ohpm/@pura+harmony-utils@1.3.2/oh_modules/@pura/harmony-utils/src/main/ets/crypto/CryptoUtil.ets:219:41
 Function may throw exceptions. Special handling is required.

WARN: ArkTS:WARN File: D:/Arkts/3.8.11/legado-harmonydsh/oh_modules/.ohpm/@pura+harmony-utils@1.3.2/oh_modules/@pura/harmony-utils/src/main/ets/crypto/CryptoUtil.ets:291:34
 The system capacity of this api 'createSign' is not supported on all devices

WARN: ArkTS:WARN File: D:/Arkts/3.8.11/legado-harmonydsh/oh_modules/.ohpm/@pura+harmony-utils@1.3.2/oh_modules/@pura/harmony-utils/src/main/ets/crypto/CryptoUtil.ets:291:34
 Function may throw exceptions. Special handling is required.

WARN: ArkTS:WARN File: D:/Arkts/3.8.11/legado-harmonydsh/oh_modules/.ohpm/@pura+harmony-utils@1.3.2/oh_modules/@pura/harmony-utils/src/main/ets/crypto/CryptoUtil.ets:292:18
 The system capacity of this api 'init' is not supported on all devices

WARN: ArkTS:WARN File: D:/Arkts/3.8.11/legado-harmonydsh/oh_modules/.ohpm/@pura+harmony-utils@1.3.2/oh_modules/@pura/harmony-utils/src/main/ets/crypto/CryptoUtil.ets:292:18
 Function may throw exceptions. Special handling is required.

WARN: ArkTS:WARN File: D:/Arkts/3.8.11/legado-harmonydsh/oh_modules/.ohpm/@pura+harmony-utils@1.3.2/oh_modules/@pura/harmony-utils/src/main/ets/crypto/CryptoUtil.ets:293:33
 The system capacity of this api 'sign' is not supported on all devices

WARN: ArkTS:WARN File: D:/Arkts/3.8.11/legado-harmonydsh/oh_modules/.ohpm/@pura+harmony-utils@1.3.2/oh_modules/@pura/harmony-utils/src/main/ets/crypto/CryptoUtil.ets:293:33
 Function may throw exceptions. Special handling is required.

WARN: ArkTS:WARN File: D:/Arkts/3.8.11/legado-harmonydsh/oh_modules/.ohpm/@pura+harmony-utils@1.3.2/oh_modules/@pura/harmony-utils/src/main/ets/crypto/CryptoUtil.ets:305:34
 The system capacity of this api 'createSign' is not supported on all devices

WARN: ArkTS:WARN File: D:/Arkts/3.8.11/legado-harmonydsh/oh_modules/.ohpm/@pura+harmony-utils@1.3.2/oh_modules/@pura/harmony-utils/src/main/ets/crypto/CryptoUtil.ets:305:34
 Function may throw exceptions. Special handling is required.

WARN: ArkTS:WARN File: D:/Arkts/3.8.11/legado-harmonydsh/oh_modules/.ohpm/@pura+harmony-utils@1.3.2/oh_modules/@pura/harmony-utils/src/main/ets/crypto/CryptoUtil.ets:306:12
 Function may throw exceptions. Special handling is required.

WARN: ArkTS:WARN File: D:/Arkts/3.8.11/legado-harmonydsh/oh_modules/.ohpm/@pura+harmony-utils@1.3.2/oh_modules/@pura/harmony-utils/src/main/ets/crypto/CryptoUtil.ets:307:27
 Function may throw exceptions. Special handling is required.

WARN: ArkTS:WARN File: D:/Arkts/3.8.11/legado-harmonydsh/oh_modules/.ohpm/@pura+harmony-utils@1.3.2/oh_modules/@pura/harmony-utils/src/main/ets/crypto/CryptoUtil.ets:322:36
 The system capacity of this api 'createVerify' is not supported on all devices

WARN: ArkTS:WARN File: D:/Arkts/3.8.11/legado-harmonydsh/oh_modules/.ohpm/@pura+harmony-utils@1.3.2/oh_modules/@pura/harmony-utils/src/main/ets/crypto/CryptoUtil.ets:322:36
 Function may throw exceptions. Special handling is required.

WARN: ArkTS:WARN File: D:/Arkts/3.8.11/legado-harmonydsh/oh_modules/.ohpm/@pura+harmony-utils@1.3.2/oh_modules/@pura/harmony-utils/src/main/ets/crypto/CryptoUtil.ets:323:20
 The system capacity of this api 'init' is not supported on all devices

WARN: ArkTS:WARN File: D:/Arkts/3.8.11/legado-harmonydsh/oh_modules/.ohpm/@pura+harmony-utils@1.3.2/oh_modules/@pura/harmony-utils/src/main/ets/crypto/CryptoUtil.ets:323:20
 Function may throw exceptions. Special handling is required.

WARN: ArkTS:WARN File: D:/Arkts/3.8.11/legado-harmonydsh/oh_modules/.ohpm/@pura+harmony-utils@1.3.2/oh_modules/@pura/harmony-utils/src/main/ets/crypto/CryptoUtil.ets:324:30
 The system capacity of this api 'verify' is not supported on all devices

WARN: ArkTS:WARN File: D:/Arkts/3.8.11/legado-harmonydsh/oh_modules/.ohpm/@pura+harmony-utils@1.3.2/oh_modules/@pura/harmony-utils/src/main/ets/crypto/CryptoUtil.ets:324:30
 Function may throw exceptions. Special handling is required.

WARN: ArkTS:WARN File: D:/Arkts/3.8.11/legado-harmonydsh/oh_modules/.ohpm/@pura+harmony-utils@1.3.2/oh_modules/@pura/harmony-utils/src/main/ets/crypto/CryptoUtil.ets:338:36
 The system capacity of this api 'createVerify' is not supported on all devices

WARN: ArkTS:WARN File: D:/Arkts/3.8.11/legado-harmonydsh/oh_modules/.ohpm/@pura+harmony-utils@1.3.2/oh_modules/@pura/harmony-utils/src/main/ets/crypto/CryptoUtil.ets:338:36
 Function may throw exceptions. Special handling is required.

WARN: ArkTS:WARN File: D:/Arkts/3.8.11/legado-harmonydsh/oh_modules/.ohpm/@pura+harmony-utils@1.3.2/oh_modules/@pura/harmony-utils/src/main/ets/crypto/CryptoUtil.ets:339:14
 Function may throw exceptions. Special handling is required.

WARN: ArkTS:WARN File: D:/Arkts/3.8.11/legado-harmonydsh/oh_modules/.ohpm/@pura+harmony-utils@1.3.2/oh_modules/@pura/harmony-utils/src/main/ets/crypto/CryptoUtil.ets:340:24
 Function may throw exceptions. Special handling is required.

WARN: ArkTS:WARN File: D:/Arkts/3.8.11/legado-harmonydsh/oh_modules/.ohpm/@pura+harmony-utils@1.3.2/oh_modules/@pura/harmony-utils/src/main/ets/crypto/CryptoUtil.ets:354:34
 The system capacity of this api 'createSign' is not supported on all devices

WARN: ArkTS:WARN File: D:/Arkts/3.8.11/legado-harmonydsh/oh_modules/.ohpm/@pura+harmony-utils@1.3.2/oh_modules/@pura/harmony-utils/src/main/ets/crypto/CryptoUtil.ets:354:34
 Function may throw exceptions. Special handling is required.

WARN: ArkTS:WARN File: D:/Arkts/3.8.11/legado-harmonydsh/oh_modules/.ohpm/@pura+harmony-utils@1.3.2/oh_modules/@pura/harmony-utils/src/main/ets/crypto/CryptoUtil.ets:355:18
 The system capacity of this api 'init' is not supported on all devices

WARN: ArkTS:WARN File: D:/Arkts/3.8.11/legado-harmonydsh/oh_modules/.ohpm/@pura+harmony-utils@1.3.2/oh_modules/@pura/harmony-utils/src/main/ets/crypto/CryptoUtil.ets:355:18
 Function may throw exceptions. Special handling is required.

WARN: ArkTS:WARN File: D:/Arkts/3.8.11/legado-harmonydsh/oh_modules/.ohpm/@pura+harmony-utils@1.3.2/oh_modules/@pura/harmony-utils/src/main/ets/crypto/CryptoUtil.ets:359:20
 The system capacity of this api 'update' is not supported on all devices

WARN: ArkTS:WARN File: D:/Arkts/3.8.11/legado-harmonydsh/oh_modules/.ohpm/@pura+harmony-utils@1.3.2/oh_modules/@pura/harmony-utils/src/main/ets/crypto/CryptoUtil.ets:359:20
 Function may throw exceptions. Special handling is required.

WARN: ArkTS:WARN File: D:/Arkts/3.8.11/legado-harmonydsh/oh_modules/.ohpm/@pura+harmony-utils@1.3.2/oh_modules/@pura/harmony-utils/src/main/ets/crypto/CryptoUtil.ets:362:33
 The system capacity of this api 'sign' is not supported on all devices

WARN: ArkTS:WARN File: D:/Arkts/3.8.11/legado-harmonydsh/oh_modules/.ohpm/@pura+harmony-utils@1.3.2/oh_modules/@pura/harmony-utils/src/main/ets/crypto/CryptoUtil.ets:362:33
 Function may throw exceptions. Special handling is required.

WARN: ArkTS:WARN File: D:/Arkts/3.8.11/legado-harmonydsh/oh_modules/.ohpm/@pura+harmony-utils@1.3.2/oh_modules/@pura/harmony-utils/src/main/ets/crypto/CryptoUtil.ets:375:34
 The system capacity of this api 'createSign' is not supported on all devices

WARN: ArkTS:WARN File: D:/Arkts/3.8.11/legado-harmonydsh/oh_modules/.ohpm/@pura+harmony-utils@1.3.2/oh_modules/@pura/harmony-utils/src/main/ets/crypto/CryptoUtil.ets:375:34
 Function may throw exceptions. Special handling is required.

WARN: ArkTS:WARN File: D:/Arkts/3.8.11/legado-harmonydsh/oh_modules/.ohpm/@pura+harmony-utils@1.3.2/oh_modules/@pura/harmony-utils/src/main/ets/crypto/CryptoUtil.ets:376:12
 Function may throw exceptions. Special handling is required.

WARN: ArkTS:WARN File: D:/Arkts/3.8.11/legado-harmonydsh/oh_modules/.ohpm/@pura+harmony-utils@1.3.2/oh_modules/@pura/harmony-utils/src/main/ets/crypto/CryptoUtil.ets:380:14
 Function may throw exceptions. Special handling is required.

WARN: ArkTS:WARN File: D:/Arkts/3.8.11/legado-harmonydsh/oh_modules/.ohpm/@pura+harmony-utils@1.3.2/oh_modules/@pura/harmony-utils/src/main/ets/crypto/CryptoUtil.ets:383:27
 Function may throw exceptions. Special handling is required.

WARN: ArkTS:WARN File: D:/Arkts/3.8.11/legado-harmonydsh/oh_modules/.ohpm/@pura+harmony-utils@1.3.2/oh_modules/@pura/harmony-utils/src/main/ets/crypto/CryptoUtil.ets:399:36
 The system capacity of this api 'createVerify' is not supported on all devices

WARN: ArkTS:WARN File: D:/Arkts/3.8.11/legado-harmonydsh/oh_modules/.ohpm/@pura+harmony-utils@1.3.2/oh_modules/@pura/harmony-utils/src/main/ets/crypto/CryptoUtil.ets:399:36
 Function may throw exceptions. Special handling is required.

WARN: ArkTS:WARN File: D:/Arkts/3.8.11/legado-harmonydsh/oh_modules/.ohpm/@pura+harmony-utils@1.3.2/oh_modules/@pura/harmony-utils/src/main/ets/crypto/CryptoUtil.ets:400:20
 The system capacity of this api 'init' is not supported on all devices

WARN: ArkTS:WARN File: D:/Arkts/3.8.11/legado-harmonydsh/oh_modules/.ohpm/@pura+harmony-utils@1.3.2/oh_modules/@pura/harmony-utils/src/main/ets/crypto/CryptoUtil.ets:400:20
 Function may throw exceptions. Special handling is required.

WARN: ArkTS:WARN File: D:/Arkts/3.8.11/legado-harmonydsh/oh_modules/.ohpm/@pura+harmony-utils@1.3.2/oh_modules/@pura/harmony-utils/src/main/ets/crypto/CryptoUtil.ets:404:22
 The system capacity of this api 'update' is not supported on all devices

WARN: ArkTS:WARN File: D:/Arkts/3.8.11/legado-harmonydsh/oh_modules/.ohpm/@pura+harmony-utils@1.3.2/oh_modules/@pura/harmony-utils/src/main/ets/crypto/CryptoUtil.ets:404:22
 Function may throw exceptions. Special handling is required.

WARN: ArkTS:WARN File: D:/Arkts/3.8.11/legado-harmonydsh/oh_modules/.ohpm/@pura+harmony-utils@1.3.2/oh_modules/@pura/harmony-utils/src/main/ets/crypto/CryptoUtil.ets:407:30
 The system capacity of this api 'verify' is not supported on all devices

WARN: ArkTS:WARN File: D:/Arkts/3.8.11/legado-harmonydsh/oh_modules/.ohpm/@pura+harmony-utils@1.3.2/oh_modules/@pura/harmony-utils/src/main/ets/crypto/CryptoUtil.ets:407:30
 Function may throw exceptions. Special handling is required.

WARN: ArkTS:WARN File: D:/Arkts/3.8.11/legado-harmonydsh/oh_modules/.ohpm/@pura+harmony-utils@1.3.2/oh_modules/@pura/harmony-utils/src/main/ets/crypto/CryptoUtil.ets:422:36
 The system capacity of this api 'createVerify' is not supported on all devices

WARN: ArkTS:WARN File: D:/Arkts/3.8.11/legado-harmonydsh/oh_modules/.ohpm/@pura+harmony-utils@1.3.2/oh_modules/@pura/harmony-utils/src/main/ets/crypto/CryptoUtil.ets:422:36
 Function may throw exceptions. Special handling is required.

WARN: ArkTS:WARN File: D:/Arkts/3.8.11/legado-harmonydsh/oh_modules/.ohpm/@pura+harmony-utils@1.3.2/oh_modules/@pura/harmony-utils/src/main/ets/crypto/CryptoUtil.ets:423:14
 Function may throw exceptions. Special handling is required.

WARN: ArkTS:WARN File: D:/Arkts/3.8.11/legado-harmonydsh/oh_modules/.ohpm/@pura+harmony-utils@1.3.2/oh_modules/@pura/harmony-utils/src/main/ets/crypto/CryptoUtil.ets:427:16
 Function may throw exceptions. Special handling is required.

WARN: ArkTS:WARN File: D:/Arkts/3.8.11/legado-harmonydsh/oh_modules/.ohpm/@pura+harmony-utils@1.3.2/oh_modules/@pura/harmony-utils/src/main/ets/crypto/CryptoUtil.ets:430:24
 Function may throw exceptions. Special handling is required.

WARN: ArkTS:WARN File: D:/Arkts/3.8.11/legado-harmonydsh/oh_modules/.ohpm/@pura+harmony-utils@1.3.2/oh_modules/@pura/harmony-utils/src/main/ets/crypto/CryptoUtil.ets:450:43
 The system capacity of this api 'createAsyKeyGenerator' is not supported on all devices

WARN: ArkTS:WARN File: D:/Arkts/3.8.11/legado-harmonydsh/oh_modules/.ohpm/@pura+harmony-utils@1.3.2/oh_modules/@pura/harmony-utils/src/main/ets/crypto/CryptoUtil.ets:450:43
 Function may throw exceptions. Special handling is required.

WARN: ArkTS:WARN File: D:/Arkts/3.8.11/legado-harmonydsh/oh_modules/.ohpm/@pura+harmony-utils@1.3.2/oh_modules/@pura/harmony-utils/src/main/ets/crypto/CryptoUtil.ets:451:42
 The system capacity of this api 'convertKey' is not supported on all devices

WARN: ArkTS:WARN File: D:/Arkts/3.8.11/legado-harmonydsh/oh_modules/.ohpm/@pura+harmony-utils@1.3.2/oh_modules/@pura/harmony-utils/src/main/ets/crypto/CryptoUtil.ets:451:42
 Function may throw exceptions. Special handling is required.

WARN: ArkTS:WARN File: D:/Arkts/3.8.11/legado-harmonydsh/oh_modules/.ohpm/@pura+harmony-utils@1.3.2/oh_modules/@pura/harmony-utils/src/main/ets/crypto/CryptoUtil.ets:452:42
 The system capacity of this api 'convertKey' is not supported on all devices

WARN: ArkTS:WARN File: D:/Arkts/3.8.11/legado-harmonydsh/oh_modules/.ohpm/@pura+harmony-utils@1.3.2/oh_modules/@pura/harmony-utils/src/main/ets/crypto/CryptoUtil.ets:452:42
 Function may throw exceptions. Special handling is required.

WARN: ArkTS:WARN File: D:/Arkts/3.8.11/legado-harmonydsh/oh_modules/.ohpm/@pura+harmony-utils@1.3.2/oh_modules/@pura/harmony-utils/src/main/ets/crypto/CryptoUtil.ets:453:40
 The system capacity of this api 'createKeyAgreement' is not supported on all devices

WARN: ArkTS:WARN File: D:/Arkts/3.8.11/legado-harmonydsh/oh_modules/.ohpm/@pura+harmony-utils@1.3.2/oh_modules/@pura/harmony-utils/src/main/ets/crypto/CryptoUtil.ets:453:40
 Function may throw exceptions. Special handling is required.

WARN: ArkTS:WARN File: D:/Arkts/3.8.11/legado-harmonydsh/oh_modules/.ohpm/@pura+harmony-utils@1.3.2/oh_modules/@pura/harmony-utils/src/main/ets/crypto/CryptoUtil.ets:454:37
 The system capacity of this api 'generateSecret' is not supported on all devices

WARN: ArkTS:WARN File: D:/Arkts/3.8.11/legado-harmonydsh/oh_modules/.ohpm/@pura+harmony-utils@1.3.2/oh_modules/@pura/harmony-utils/src/main/ets/crypto/CryptoUtil.ets:454:37
 Function may throw exceptions. Special handling is required.

WARN: ArkTS:WARN File: D:/Arkts/3.8.11/legado-harmonydsh/oh_modules/.ohpm/@pura+harmony-utils@1.3.2/oh_modules/@pura/harmony-utils/src/main/ets/crypto/CryptoUtil.ets:454:61
 The system capacity of this api 'priKey' is not supported on all devices

WARN: ArkTS:WARN File: D:/Arkts/3.8.11/legado-harmonydsh/oh_modules/.ohpm/@pura+harmony-utils@1.3.2/oh_modules/@pura/harmony-utils/src/main/ets/crypto/CryptoUtil.ets:454:78
 The system capacity of this api 'pubKey' is not supported on all devices

WARN: ArkTS:WARN File: D:/Arkts/3.8.11/legado-harmonydsh/oh_modules/.ohpm/@pura+harmony-utils@1.3.2/oh_modules/@pura/harmony-utils/src/main/ets/crypto/CryptoUtil.ets:476:43
 The system capacity of this api 'createAsyKeyGenerator' is not supported on all devices

WARN: ArkTS:WARN File: D:/Arkts/3.8.11/legado-harmonydsh/oh_modules/.ohpm/@pura+harmony-utils@1.3.2/oh_modules/@pura/harmony-utils/src/main/ets/crypto/CryptoUtil.ets:476:43
 Function may throw exceptions. Special handling is required.

WARN: ArkTS:WARN File: D:/Arkts/3.8.11/legado-harmonydsh/oh_modules/.ohpm/@pura+harmony-utils@1.3.2/oh_modules/@pura/harmony-utils/src/main/ets/crypto/CryptoUtil.ets:477:36
 Function may throw exceptions. Special handling is required.

WARN: ArkTS:WARN File: D:/Arkts/3.8.11/legado-harmonydsh/oh_modules/.ohpm/@pura+harmony-utils@1.3.2/oh_modules/@pura/harmony-utils/src/main/ets/crypto/CryptoUtil.ets:478:36
 Function may throw exceptions. Special handling is required.

WARN: ArkTS:WARN File: D:/Arkts/3.8.11/legado-harmonydsh/oh_modules/.ohpm/@pura+harmony-utils@1.3.2/oh_modules/@pura/harmony-utils/src/main/ets/crypto/CryptoUtil.ets:479:40
 The system capacity of this api 'createKeyAgreement' is not supported on all devices

WARN: ArkTS:WARN File: D:/Arkts/3.8.11/legado-harmonydsh/oh_modules/.ohpm/@pura+harmony-utils@1.3.2/oh_modules/@pura/harmony-utils/src/main/ets/crypto/CryptoUtil.ets:479:40
 Function may throw exceptions. Special handling is required.

WARN: ArkTS:WARN File: D:/Arkts/3.8.11/legado-harmonydsh/oh_modules/.ohpm/@pura+harmony-utils@1.3.2/oh_modules/@pura/harmony-utils/src/main/ets/crypto/CryptoUtil.ets:480:31
 Function may throw exceptions. Special handling is required.

WARN: ArkTS:WARN File: D:/Arkts/3.8.11/legado-harmonydsh/oh_modules/.ohpm/@pura+harmony-utils@1.3.2/oh_modules/@pura/harmony-utils/src/main/ets/crypto/CryptoUtil.ets:480:59
 The system capacity of this api 'priKey' is not supported on all devices

WARN: ArkTS:WARN File: D:/Arkts/3.8.11/legado-harmonydsh/oh_modules/.ohpm/@pura+harmony-utils@1.3.2/oh_modules/@pura/harmony-utils/src/main/ets/crypto/CryptoUtil.ets:480:76
 The system capacity of this api 'pubKey' is not supported on all devices

WARN: ArkTS:WARN File: D:/Arkts/3.8.11/legado-harmonydsh/oh_modules/.ohpm/@pura+harmony-utils@1.3.2/oh_modules/@pura/harmony-utils/src/main/ets/crypto/CryptoUtil.ets:496:30
 The system capacity of this api 'createMd' is not supported on all devices

WARN: ArkTS:WARN File: D:/Arkts/3.8.11/legado-harmonydsh/oh_modules/.ohpm/@pura+harmony-utils@1.3.2/oh_modules/@pura/harmony-utils/src/main/ets/crypto/CryptoUtil.ets:496:30
 Function may throw exceptions. Special handling is required.

WARN: ArkTS:WARN File: D:/Arkts/3.8.11/legado-harmonydsh/oh_modules/.ohpm/@pura+harmony-utils@1.3.2/oh_modules/@pura/harmony-utils/src/main/ets/crypto/CryptoUtil.ets:498:14
 The system capacity of this api 'update' is not supported on all devices

WARN: ArkTS:WARN File: D:/Arkts/3.8.11/legado-harmonydsh/oh_modules/.ohpm/@pura+harmony-utils@1.3.2/oh_modules/@pura/harmony-utils/src/main/ets/crypto/CryptoUtil.ets:498:14
 Function may throw exceptions. Special handling is required.

WARN: ArkTS:WARN File: D:/Arkts/3.8.11/legado-harmonydsh/oh_modules/.ohpm/@pura+harmony-utils@1.3.2/oh_modules/@pura/harmony-utils/src/main/ets/crypto/CryptoUtil.ets:499:29
 The system capacity of this api 'digest' is not supported on all devices

WARN: ArkTS:WARN File: D:/Arkts/3.8.11/legado-harmonydsh/oh_modules/.ohpm/@pura+harmony-utils@1.3.2/oh_modules/@pura/harmony-utils/src/main/ets/crypto/CryptoUtil.ets:499:29
 Function may throw exceptions. Special handling is required.

WARN: ArkTS:WARN File: D:/Arkts/3.8.11/legado-harmonydsh/oh_modules/.ohpm/@pura+harmony-utils@1.3.2/oh_modules/@pura/harmony-utils/src/main/ets/crypto/CryptoUtil.ets:512:30
 The system capacity of this api 'createMd' is not supported on all devices

WARN: ArkTS:WARN File: D:/Arkts/3.8.11/legado-harmonydsh/oh_modules/.ohpm/@pura+harmony-utils@1.3.2/oh_modules/@pura/harmony-utils/src/main/ets/crypto/CryptoUtil.ets:512:30
 Function may throw exceptions. Special handling is required.

WARN: ArkTS:WARN File: D:/Arkts/3.8.11/legado-harmonydsh/oh_modules/.ohpm/@pura+harmony-utils@1.3.2/oh_modules/@pura/harmony-utils/src/main/ets/crypto/CryptoUtil.ets:514:8
 Function may throw exceptions. Special handling is required.

WARN: ArkTS:WARN File: D:/Arkts/3.8.11/legado-harmonydsh/oh_modules/.ohpm/@pura+harmony-utils@1.3.2/oh_modules/@pura/harmony-utils/src/main/ets/crypto/CryptoUtil.ets:515:23
 Function may throw exceptions. Special handling is required.

WARN: ArkTS:WARN File: D:/Arkts/3.8.11/legado-harmonydsh/oh_modules/.ohpm/@pura+harmony-utils@1.3.2/oh_modules/@pura/harmony-utils/src/main/ets/crypto/CryptoUtil.ets:530:30
 The system capacity of this api 'createMd' is not supported on all devices

WARN: ArkTS:WARN File: D:/Arkts/3.8.11/legado-harmonydsh/oh_modules/.ohpm/@pura+harmony-utils@1.3.2/oh_modules/@pura/harmony-utils/src/main/ets/crypto/CryptoUtil.ets:530:30
 Function may throw exceptions. Special handling is required.

WARN: ArkTS:WARN File: D:/Arkts/3.8.11/legado-harmonydsh/oh_modules/.ohpm/@pura+harmony-utils@1.3.2/oh_modules/@pura/harmony-utils/src/main/ets/crypto/CryptoUtil.ets:535:16
 The system capacity of this api 'update' is not supported on all devices

WARN: ArkTS:WARN File: D:/Arkts/3.8.11/legado-harmonydsh/oh_modules/.ohpm/@pura+harmony-utils@1.3.2/oh_modules/@pura/harmony-utils/src/main/ets/crypto/CryptoUtil.ets:535:16
 Function may throw exceptions. Special handling is required.

WARN: ArkTS:WARN File: D:/Arkts/3.8.11/legado-harmonydsh/oh_modules/.ohpm/@pura+harmony-utils@1.3.2/oh_modules/@pura/harmony-utils/src/main/ets/crypto/CryptoUtil.ets:537:29
 The system capacity of this api 'digest' is not supported on all devices

WARN: ArkTS:WARN File: D:/Arkts/3.8.11/legado-harmonydsh/oh_modules/.ohpm/@pura+harmony-utils@1.3.2/oh_modules/@pura/harmony-utils/src/main/ets/crypto/CryptoUtil.ets:537:29
 Function may throw exceptions. Special handling is required.

WARN: ArkTS:WARN File: D:/Arkts/3.8.11/legado-harmonydsh/oh_modules/.ohpm/@pura+harmony-utils@1.3.2/oh_modules/@pura/harmony-utils/src/main/ets/crypto/CryptoUtil.ets:551:30
 The system capacity of this api 'createMd' is not supported on all devices

WARN: ArkTS:WARN File: D:/Arkts/3.8.11/legado-harmonydsh/oh_modules/.ohpm/@pura+harmony-utils@1.3.2/oh_modules/@pura/harmony-utils/src/main/ets/crypto/CryptoUtil.ets:551:30
 Function may throw exceptions. Special handling is required.

WARN: ArkTS:WARN File: D:/Arkts/3.8.11/legado-harmonydsh/oh_modules/.ohpm/@pura+harmony-utils@1.3.2/oh_modules/@pura/harmony-utils/src/main/ets/crypto/CryptoUtil.ets:556:10
 Function may throw exceptions. Special handling is required.

WARN: ArkTS:WARN File: D:/Arkts/3.8.11/legado-harmonydsh/oh_modules/.ohpm/@pura+harmony-utils@1.3.2/oh_modules/@pura/harmony-utils/src/main/ets/crypto/CryptoUtil.ets:558:23
 Function may throw exceptions. Special handling is required.

WARN: ArkTS:WARN File: D:/Arkts/3.8.11/legado-harmonydsh/oh_modules/.ohpm/@pura+harmony-utils@1.3.2/oh_modules/@pura/harmony-utils/src/main/ets/crypto/CryptoUtil.ets:573:31
 The system capacity of this api 'createMac' is not supported on all devices

WARN: ArkTS:WARN File: D:/Arkts/3.8.11/legado-harmonydsh/oh_modules/.ohpm/@pura+harmony-utils@1.3.2/oh_modules/@pura/harmony-utils/src/main/ets/crypto/CryptoUtil.ets:573:31
 Function may throw exceptions. Special handling is required.

WARN: ArkTS:WARN File: D:/Arkts/3.8.11/legado-harmonydsh/oh_modules/.ohpm/@pura+harmony-utils@1.3.2/oh_modules/@pura/harmony-utils/src/main/ets/crypto/CryptoUtil.ets:574:15
 The system capacity of this api 'init' is not supported on all devices

WARN: ArkTS:WARN File: D:/Arkts/3.8.11/legado-harmonydsh/oh_modules/.ohpm/@pura+harmony-utils@1.3.2/oh_modules/@pura/harmony-utils/src/main/ets/crypto/CryptoUtil.ets:574:15
 Function may throw exceptions. Special handling is required.

WARN: ArkTS:WARN File: D:/Arkts/3.8.11/legado-harmonydsh/oh_modules/.ohpm/@pura+harmony-utils@1.3.2/oh_modules/@pura/harmony-utils/src/main/ets/crypto/CryptoUtil.ets:576:15
 The system capacity of this api 'update' is not supported on all devices

WARN: ArkTS:WARN File: D:/Arkts/3.8.11/legado-harmonydsh/oh_modules/.ohpm/@pura+harmony-utils@1.3.2/oh_modules/@pura/harmony-utils/src/main/ets/crypto/CryptoUtil.ets:576:15
 Function may throw exceptions. Special handling is required.

WARN: ArkTS:WARN File: D:/Arkts/3.8.11/legado-harmonydsh/oh_modules/.ohpm/@pura+harmony-utils@1.3.2/oh_modules/@pura/harmony-utils/src/main/ets/crypto/CryptoUtil.ets:577:30
 The system capacity of this api 'doFinal' is not supported on all devices

WARN: ArkTS:WARN File: D:/Arkts/3.8.11/legado-harmonydsh/oh_modules/.ohpm/@pura+harmony-utils@1.3.2/oh_modules/@pura/harmony-utils/src/main/ets/crypto/CryptoUtil.ets:577:30
 Function may throw exceptions. Special handling is required.

WARN: ArkTS:WARN File: D:/Arkts/3.8.11/legado-harmonydsh/oh_modules/.ohpm/@pura+harmony-utils@1.3.2/oh_modules/@pura/harmony-utils/src/main/ets/crypto/CryptoUtil.ets:591:31
 The system capacity of this api 'createMac' is not supported on all devices

WARN: ArkTS:WARN File: D:/Arkts/3.8.11/legado-harmonydsh/oh_modules/.ohpm/@pura+harmony-utils@1.3.2/oh_modules/@pura/harmony-utils/src/main/ets/crypto/CryptoUtil.ets:591:31
 Function may throw exceptions. Special handling is required.

WARN: ArkTS:WARN File: D:/Arkts/3.8.11/legado-harmonydsh/oh_modules/.ohpm/@pura+harmony-utils@1.3.2/oh_modules/@pura/harmony-utils/src/main/ets/crypto/CryptoUtil.ets:592:9
 Function may throw exceptions. Special handling is required.

WARN: ArkTS:WARN File: D:/Arkts/3.8.11/legado-harmonydsh/oh_modules/.ohpm/@pura+harmony-utils@1.3.2/oh_modules/@pura/harmony-utils/src/main/ets/crypto/CryptoUtil.ets:594:9
 Function may throw exceptions. Special handling is required.

WARN: ArkTS:WARN File: D:/Arkts/3.8.11/legado-harmonydsh/oh_modules/.ohpm/@pura+harmony-utils@1.3.2/oh_modules/@pura/harmony-utils/src/main/ets/crypto/CryptoUtil.ets:595:24
 Function may throw exceptions. Special handling is required.

WARN: ArkTS:WARN File: D:/Arkts/3.8.11/legado-harmonydsh/oh_modules/.ohpm/@pura+harmony-utils@1.3.2/oh_modules/@pura/harmony-utils/src/main/ets/crypto/CryptoUtil.ets:612:31
 The system capacity of this api 'createMac' is not supported on all devices

WARN: ArkTS:WARN File: D:/Arkts/3.8.11/legado-harmonydsh/oh_modules/.ohpm/@pura+harmony-utils@1.3.2/oh_modules/@pura/harmony-utils/src/main/ets/crypto/CryptoUtil.ets:612:31
 Function may throw exceptions. Special handling is required.

WARN: ArkTS:WARN File: D:/Arkts/3.8.11/legado-harmonydsh/oh_modules/.ohpm/@pura+harmony-utils@1.3.2/oh_modules/@pura/harmony-utils/src/main/ets/crypto/CryptoUtil.ets:613:15
 The system capacity of this api 'init' is not supported on all devices

WARN: ArkTS:WARN File: D:/Arkts/3.8.11/legado-harmonydsh/oh_modules/.ohpm/@pura+harmony-utils@1.3.2/oh_modules/@pura/harmony-utils/src/main/ets/crypto/CryptoUtil.ets:613:15
 Function may throw exceptions. Special handling is required.

WARN: ArkTS:WARN File: D:/Arkts/3.8.11/legado-harmonydsh/oh_modules/.ohpm/@pura+harmony-utils@1.3.2/oh_modules/@pura/harmony-utils/src/main/ets/crypto/CryptoUtil.ets:617:17
 The system capacity of this api 'update' is not supported on all devices

WARN: ArkTS:WARN File: D:/Arkts/3.8.11/legado-harmonydsh/oh_modules/.ohpm/@pura+harmony-utils@1.3.2/oh_modules/@pura/harmony-utils/src/main/ets/crypto/CryptoUtil.ets:617:17
 Function may throw exceptions. Special handling is required.

WARN: ArkTS:WARN File: D:/Arkts/3.8.11/legado-harmonydsh/oh_modules/.ohpm/@pura+harmony-utils@1.3.2/oh_modules/@pura/harmony-utils/src/main/ets/crypto/CryptoUtil.ets:619:30
 The system capacity of this api 'doFinal' is not supported on all devices

WARN: ArkTS:WARN File: D:/Arkts/3.8.11/legado-harmonydsh/oh_modules/.ohpm/@pura+harmony-utils@1.3.2/oh_modules/@pura/harmony-utils/src/main/ets/crypto/CryptoUtil.ets:619:30
 Function may throw exceptions. Special handling is required.

WARN: ArkTS:WARN File: D:/Arkts/3.8.11/legado-harmonydsh/oh_modules/.ohpm/@pura+harmony-utils@1.3.2/oh_modules/@pura/harmony-utils/src/main/ets/crypto/CryptoUtil.ets:638:31
 The system capacity of this api 'createMac' is not supported on all devices

WARN: ArkTS:WARN File: D:/Arkts/3.8.11/legado-harmonydsh/oh_modules/.ohpm/@pura+harmony-utils@1.3.2/oh_modules/@pura/harmony-utils/src/main/ets/crypto/CryptoUtil.ets:638:31
 Function may throw exceptions. Special handling is required.

WARN: ArkTS:WARN File: D:/Arkts/3.8.11/legado-harmonydsh/oh_modules/.ohpm/@pura+harmony-utils@1.3.2/oh_modules/@pura/harmony-utils/src/main/ets/crypto/CryptoUtil.ets:639:9
 Function may throw exceptions. Special handling is required.

WARN: ArkTS:WARN File: D:/Arkts/3.8.11/legado-harmonydsh/oh_modules/.ohpm/@pura+harmony-utils@1.3.2/oh_modules/@pura/harmony-utils/src/main/ets/crypto/CryptoUtil.ets:643:11
 Function may throw exceptions. Special handling is required.

WARN: ArkTS:WARN File: D:/Arkts/3.8.11/legado-harmonydsh/oh_modules/.ohpm/@pura+harmony-utils@1.3.2/oh_modules/@pura/harmony-utils/src/main/ets/crypto/CryptoUtil.ets:645:24
 Function may throw exceptions. Special handling is required.

WARN: ArkTS:WARN File: D:/Arkts/3.8.11/legado-harmonydsh/oh_modules/.ohpm/@pura+harmony-utils@1.3.2/oh_modules/@pura/harmony-utils/src/main/ets/crypto/SM2.ets:145:31
 The system capacity of this api 'ECCKeyUtil' is not supported on all devices

WARN: ArkTS:WARN File: D:/Arkts/3.8.11/legado-harmonydsh/oh_modules/.ohpm/@pura+harmony-utils@1.3.2/oh_modules/@pura/harmony-utils/src/main/ets/crypto/SM2.ets:145:42
 The system capacity of this api 'genECCCommonParamsSpec' is not supported on all devices

WARN: ArkTS:WARN File: D:/Arkts/3.8.11/legado-harmonydsh/oh_modules/.ohpm/@pura+harmony-utils@1.3.2/oh_modules/@pura/harmony-utils/src/main/ets/crypto/SM2.ets:145:42
 Function may throw exceptions. Special handling is required.

WARN: ArkTS:WARN File: D:/Arkts/3.8.11/legado-harmonydsh/oh_modules/.ohpm/@pura+harmony-utils@1.3.2/oh_modules/@pura/harmony-utils/src/main/ets/crypto/SM2.ets:148:33
 The system capacity of this api 'AsyKeySpecType' is not supported on all devices

WARN: ArkTS:WARN File: D:/Arkts/3.8.11/legado-harmonydsh/oh_modules/.ohpm/@pura+harmony-utils@1.3.2/oh_modules/@pura/harmony-utils/src/main/ets/crypto/SM2.ets:148:48
 The system capacity of this api 'PUBLIC_KEY_SPEC' is not supported on all devices

WARN: ArkTS:WARN File: D:/Arkts/3.8.11/legado-harmonydsh/oh_modules/.ohpm/@pura+harmony-utils@1.3.2/oh_modules/@pura/harmony-utils/src/main/ets/crypto/SM2.ets:150:44
 The system capacity of this api 'createAsyKeyGeneratorBySpec' is not supported on all devices

WARN: ArkTS:WARN File: D:/Arkts/3.8.11/legado-harmonydsh/oh_modules/.ohpm/@pura+harmony-utils@1.3.2/oh_modules/@pura/harmony-utils/src/main/ets/crypto/SM2.ets:150:44
 Function may throw exceptions. Special handling is required.

WARN: ArkTS:WARN File: D:/Arkts/3.8.11/legado-harmonydsh/oh_modules/.ohpm/@pura+harmony-utils@1.3.2/oh_modules/@pura/harmony-utils/src/main/ets/crypto/SM2.ets:151:59
 Function may throw exceptions. Special handling is required.

WARN: ArkTS:WARN File: D:/Arkts/3.8.11/legado-harmonydsh/oh_modules/.ohpm/@pura+harmony-utils@1.3.2/oh_modules/@pura/harmony-utils/src/main/ets/crypto/SM2.ets:165:31
 The system capacity of this api 'ECCKeyUtil' is not supported on all devices

WARN: ArkTS:WARN File: D:/Arkts/3.8.11/legado-harmonydsh/oh_modules/.ohpm/@pura+harmony-utils@1.3.2/oh_modules/@pura/harmony-utils/src/main/ets/crypto/SM2.ets:165:42
 The system capacity of this api 'genECCCommonParamsSpec' is not supported on all devices

WARN: ArkTS:WARN File: D:/Arkts/3.8.11/legado-harmonydsh/oh_modules/.ohpm/@pura+harmony-utils@1.3.2/oh_modules/@pura/harmony-utils/src/main/ets/crypto/SM2.ets:165:42
 Function may throw exceptions. Special handling is required.

WARN: ArkTS:WARN File: D:/Arkts/3.8.11/legado-harmonydsh/oh_modules/.ohpm/@pura+harmony-utils@1.3.2/oh_modules/@pura/harmony-utils/src/main/ets/crypto/SM2.ets:168:33
 The system capacity of this api 'AsyKeySpecType' is not supported on all devices

WARN: ArkTS:WARN File: D:/Arkts/3.8.11/legado-harmonydsh/oh_modules/.ohpm/@pura+harmony-utils@1.3.2/oh_modules/@pura/harmony-utils/src/main/ets/crypto/SM2.ets:168:48
 The system capacity of this api 'PRIVATE_KEY_SPEC' is not supported on all devices

WARN: ArkTS:WARN File: D:/Arkts/3.8.11/legado-harmonydsh/oh_modules/.ohpm/@pura+harmony-utils@1.3.2/oh_modules/@pura/harmony-utils/src/main/ets/crypto/SM2.ets:170:44
 The system capacity of this api 'createAsyKeyGeneratorBySpec' is not supported on all devices

WARN: ArkTS:WARN File: D:/Arkts/3.8.11/legado-harmonydsh/oh_modules/.ohpm/@pura+harmony-utils@1.3.2/oh_modules/@pura/harmony-utils/src/main/ets/crypto/SM2.ets:170:44
 Function may throw exceptions. Special handling is required.

WARN: ArkTS:WARN File: D:/Arkts/3.8.11/legado-harmonydsh/oh_modules/.ohpm/@pura+harmony-utils@1.3.2/oh_modules/@pura/harmony-utils/src/main/ets/crypto/SM2.ets:171:29
 Function may throw exceptions. Special handling is required.

WARN: ArkTS:WARN File: D:/Arkts/3.8.11/legado-harmonydsh/oh_modules/.ohpm/@pura+harmony-utils@1.3.2/oh_modules/@pura/harmony-utils/src/main/ets/crypto/SM4.ets:37:34
 The system capacity of this api 'createCipher' is not supported on all devices

WARN: ArkTS:WARN File: D:/Arkts/3.8.11/legado-harmonydsh/oh_modules/.ohpm/@pura+harmony-utils@1.3.2/oh_modules/@pura/harmony-utils/src/main/ets/crypto/SM4.ets:37:34
 Function may throw exceptions. Special handling is required.

WARN: ArkTS:WARN File: D:/Arkts/3.8.11/legado-harmonydsh/oh_modules/.ohpm/@pura+harmony-utils@1.3.2/oh_modules/@pura/harmony-utils/src/main/ets/crypto/SM4.ets:38:18
 The system capacity of this api 'init' is not supported on all devices

WARN: ArkTS:WARN File: D:/Arkts/3.8.11/legado-harmonydsh/oh_modules/.ohpm/@pura+harmony-utils@1.3.2/oh_modules/@pura/harmony-utils/src/main/ets/crypto/SM4.ets:38:18
 Function may throw exceptions. Special handling is required.

WARN: ArkTS:WARN File: D:/Arkts/3.8.11/legado-harmonydsh/oh_modules/.ohpm/@pura+harmony-utils@1.3.2/oh_modules/@pura/harmony-utils/src/main/ets/crypto/SM4.ets:38:39
 The system capacity of this api 'CryptoMode' is not supported on all devices

WARN: ArkTS:WARN File: D:/Arkts/3.8.11/legado-harmonydsh/oh_modules/.ohpm/@pura+harmony-utils@1.3.2/oh_modules/@pura/harmony-utils/src/main/ets/crypto/SM4.ets:38:50
 The system capacity of this api 'ENCRYPT_MODE' is not supported on all devices

WARN: ArkTS:WARN File: D:/Arkts/3.8.11/legado-harmonydsh/oh_modules/.ohpm/@pura+harmony-utils@1.3.2/oh_modules/@pura/harmony-utils/src/main/ets/crypto/SM4.ets:39:38
 The system capacity of this api 'update' is not supported on all devices

WARN: ArkTS:WARN File: D:/Arkts/3.8.11/legado-harmonydsh/oh_modules/.ohpm/@pura+harmony-utils@1.3.2/oh_modules/@pura/harmony-utils/src/main/ets/crypto/SM4.ets:39:38
 Function may throw exceptions. Special handling is required.

WARN: ArkTS:WARN File: D:/Arkts/3.8.11/legado-harmonydsh/oh_modules/.ohpm/@pura+harmony-utils@1.3.2/oh_modules/@pura/harmony-utils/src/main/ets/crypto/SM4.ets:41:15
 The system capacity of this api 'authTag' is not supported on all devices

WARN: ArkTS:WARN File: D:/Arkts/3.8.11/legado-harmonydsh/oh_modules/.ohpm/@pura+harmony-utils@1.3.2/oh_modules/@pura/harmony-utils/src/main/ets/crypto/SM4.ets:41:38
 The system capacity of this api 'doFinal' is not supported on all devices

WARN: ArkTS:WARN File: D:/Arkts/3.8.11/legado-harmonydsh/oh_modules/.ohpm/@pura+harmony-utils@1.3.2/oh_modules/@pura/harmony-utils/src/main/ets/crypto/SM4.ets:41:38
 Function may throw exceptions. Special handling is required.

WARN: ArkTS:WARN File: D:/Arkts/3.8.11/legado-harmonydsh/oh_modules/.ohpm/@pura+harmony-utils@1.3.2/oh_modules/@pura/harmony-utils/src/main/ets/crypto/SM4.ets:54:34
 The system capacity of this api 'createCipher' is not supported on all devices

WARN: ArkTS:WARN File: D:/Arkts/3.8.11/legado-harmonydsh/oh_modules/.ohpm/@pura+harmony-utils@1.3.2/oh_modules/@pura/harmony-utils/src/main/ets/crypto/SM4.ets:54:34
 Function may throw exceptions. Special handling is required.

WARN: ArkTS:WARN File: D:/Arkts/3.8.11/legado-harmonydsh/oh_modules/.ohpm/@pura+harmony-utils@1.3.2/oh_modules/@pura/harmony-utils/src/main/ets/crypto/SM4.ets:55:12
 Function may throw exceptions. Special handling is required.

WARN: ArkTS:WARN File: D:/Arkts/3.8.11/legado-harmonydsh/oh_modules/.ohpm/@pura+harmony-utils@1.3.2/oh_modules/@pura/harmony-utils/src/main/ets/crypto/SM4.ets:55:37
 The system capacity of this api 'CryptoMode' is not supported on all devices

WARN: ArkTS:WARN File: D:/Arkts/3.8.11/legado-harmonydsh/oh_modules/.ohpm/@pura+harmony-utils@1.3.2/oh_modules/@pura/harmony-utils/src/main/ets/crypto/SM4.ets:55:48
 The system capacity of this api 'ENCRYPT_MODE' is not supported on all devices

WARN: ArkTS:WARN File: D:/Arkts/3.8.11/legado-harmonydsh/oh_modules/.ohpm/@pura+harmony-utils@1.3.2/oh_modules/@pura/harmony-utils/src/main/ets/crypto/SM4.ets:56:32
 Function may throw exceptions. Special handling is required.

WARN: ArkTS:WARN File: D:/Arkts/3.8.11/legado-harmonydsh/oh_modules/.ohpm/@pura+harmony-utils@1.3.2/oh_modules/@pura/harmony-utils/src/main/ets/crypto/SM4.ets:58:15
 The system capacity of this api 'authTag' is not supported on all devices

WARN: ArkTS:WARN File: D:/Arkts/3.8.11/legado-harmonydsh/oh_modules/.ohpm/@pura+harmony-utils@1.3.2/oh_modules/@pura/harmony-utils/src/main/ets/crypto/SM4.ets:58:32
 Function may throw exceptions. Special handling is required.

WARN: ArkTS:WARN File: D:/Arkts/3.8.11/legado-harmonydsh/oh_modules/.ohpm/@pura+harmony-utils@1.3.2/oh_modules/@pura/harmony-utils/src/main/ets/crypto/SM4.ets:72:35
 The system capacity of this api 'createCipher' is not supported on all devices

WARN: ArkTS:WARN File: D:/Arkts/3.8.11/legado-harmonydsh/oh_modules/.ohpm/@pura+harmony-utils@1.3.2/oh_modules/@pura/harmony-utils/src/main/ets/crypto/SM4.ets:72:35
 Function may throw exceptions. Special handling is required.

WARN: ArkTS:WARN File: D:/Arkts/3.8.11/legado-harmonydsh/oh_modules/.ohpm/@pura+harmony-utils@1.3.2/oh_modules/@pura/harmony-utils/src/main/ets/crypto/SM4.ets:73:19
 The system capacity of this api 'init' is not supported on all devices

WARN: ArkTS:WARN File: D:/Arkts/3.8.11/legado-harmonydsh/oh_modules/.ohpm/@pura+harmony-utils@1.3.2/oh_modules/@pura/harmony-utils/src/main/ets/crypto/SM4.ets:73:19
 Function may throw exceptions. Special handling is required.

WARN: ArkTS:WARN File: D:/Arkts/3.8.11/legado-harmonydsh/oh_modules/.ohpm/@pura+harmony-utils@1.3.2/oh_modules/@pura/harmony-utils/src/main/ets/crypto/SM4.ets:73:40
 The system capacity of this api 'CryptoMode' is not supported on all devices

WARN: ArkTS:WARN File: D:/Arkts/3.8.11/legado-harmonydsh/oh_modules/.ohpm/@pura+harmony-utils@1.3.2/oh_modules/@pura/harmony-utils/src/main/ets/crypto/SM4.ets:73:51
 The system capacity of this api 'DECRYPT_MODE' is not supported on all devices

WARN: ArkTS:WARN File: D:/Arkts/3.8.11/legado-harmonydsh/oh_modules/.ohpm/@pura+harmony-utils@1.3.2/oh_modules/@pura/harmony-utils/src/main/ets/crypto/SM4.ets:74:39
 The system capacity of this api 'update' is not supported on all devices

WARN: ArkTS:WARN File: D:/Arkts/3.8.11/legado-harmonydsh/oh_modules/.ohpm/@pura+harmony-utils@1.3.2/oh_modules/@pura/harmony-utils/src/main/ets/crypto/SM4.ets:74:39
 Function may throw exceptions. Special handling is required.

WARN: ArkTS:WARN File: D:/Arkts/3.8.11/legado-harmonydsh/oh_modules/.ohpm/@pura+harmony-utils@1.3.2/oh_modules/@pura/harmony-utils/src/main/ets/crypto/SM4.ets:76:19
 The system capacity of this api 'doFinal' is not supported on all devices

WARN: ArkTS:WARN File: D:/Arkts/3.8.11/legado-harmonydsh/oh_modules/.ohpm/@pura+harmony-utils@1.3.2/oh_modules/@pura/harmony-utils/src/main/ets/crypto/SM4.ets:76:19
 Function may throw exceptions. Special handling is required.

WARN: ArkTS:WARN File: D:/Arkts/3.8.11/legado-harmonydsh/oh_modules/.ohpm/@pura+harmony-utils@1.3.2/oh_modules/@pura/harmony-utils/src/main/ets/crypto/SM4.ets:89:35
 The system capacity of this api 'createCipher' is not supported on all devices

WARN: ArkTS:WARN File: D:/Arkts/3.8.11/legado-harmonydsh/oh_modules/.ohpm/@pura+harmony-utils@1.3.2/oh_modules/@pura/harmony-utils/src/main/ets/crypto/SM4.ets:89:35
 Function may throw exceptions. Special handling is required.

WARN: ArkTS:WARN File: D:/Arkts/3.8.11/legado-harmonydsh/oh_modules/.ohpm/@pura+harmony-utils@1.3.2/oh_modules/@pura/harmony-utils/src/main/ets/crypto/SM4.ets:90:13
 Function may throw exceptions. Special handling is required.

WARN: ArkTS:WARN File: D:/Arkts/3.8.11/legado-harmonydsh/oh_modules/.ohpm/@pura+harmony-utils@1.3.2/oh_modules/@pura/harmony-utils/src/main/ets/crypto/SM4.ets:90:38
 The system capacity of this api 'CryptoMode' is not supported on all devices

WARN: ArkTS:WARN File: D:/Arkts/3.8.11/legado-harmonydsh/oh_modules/.ohpm/@pura+harmony-utils@1.3.2/oh_modules/@pura/harmony-utils/src/main/ets/crypto/SM4.ets:90:49
 The system capacity of this api 'DECRYPT_MODE' is not supported on all devices

WARN: ArkTS:WARN File: D:/Arkts/3.8.11/legado-harmonydsh/oh_modules/.ohpm/@pura+harmony-utils@1.3.2/oh_modules/@pura/harmony-utils/src/main/ets/crypto/SM4.ets:91:33
 Function may throw exceptions. Special handling is required.

WARN: ArkTS:WARN File: D:/Arkts/3.8.11/legado-harmonydsh/oh_modules/.ohpm/@pura+harmony-utils@1.3.2/oh_modules/@pura/harmony-utils/src/main/ets/crypto/SM4.ets:93:13
 Function may throw exceptions. Special handling is required.

WARN: ArkTS:WARN File: D:/Arkts/3.8.11/legado-harmonydsh/oh_modules/.ohpm/@pura+harmony-utils@1.3.2/oh_modules/@pura/harmony-utils/src/main/ets/crypto/SM4.ets:255:34
 The system capacity of this api 'createCipher' is not supported on all devices

WARN: ArkTS:WARN File: D:/Arkts/3.8.11/legado-harmonydsh/oh_modules/.ohpm/@pura+harmony-utils@1.3.2/oh_modules/@pura/harmony-utils/src/main/ets/crypto/SM4.ets:255:34
 Function may throw exceptions. Special handling is required.

WARN: ArkTS:WARN File: D:/Arkts/3.8.11/legado-harmonydsh/oh_modules/.ohpm/@pura+harmony-utils@1.3.2/oh_modules/@pura/harmony-utils/src/main/ets/crypto/SM4.ets:256:18
 The system capacity of this api 'init' is not supported on all devices

WARN: ArkTS:WARN File: D:/Arkts/3.8.11/legado-harmonydsh/oh_modules/.ohpm/@pura+harmony-utils@1.3.2/oh_modules/@pura/harmony-utils/src/main/ets/crypto/SM4.ets:256:18
 Function may throw exceptions. Special handling is required.

WARN: ArkTS:WARN File: D:/Arkts/3.8.11/legado-harmonydsh/oh_modules/.ohpm/@pura+harmony-utils@1.3.2/oh_modules/@pura/harmony-utils/src/main/ets/crypto/SM4.ets:256:39
 The system capacity of this api 'CryptoMode' is not supported on all devices

WARN: ArkTS:WARN File: D:/Arkts/3.8.11/legado-harmonydsh/oh_modules/.ohpm/@pura+harmony-utils@1.3.2/oh_modules/@pura/harmony-utils/src/main/ets/crypto/SM4.ets:256:50
 The system capacity of this api 'ENCRYPT_MODE' is not supported on all devices

WARN: ArkTS:WARN File: D:/Arkts/3.8.11/legado-harmonydsh/oh_modules/.ohpm/@pura+harmony-utils@1.3.2/oh_modules/@pura/harmony-utils/src/main/ets/crypto/SM4.ets:261:39
 The system capacity of this api 'update' is not supported on all devices

WARN: ArkTS:WARN File: D:/Arkts/3.8.11/legado-harmonydsh/oh_modules/.ohpm/@pura+harmony-utils@1.3.2/oh_modules/@pura/harmony-utils/src/main/ets/crypto/SM4.ets:261:39
 Function may throw exceptions. Special handling is required.

WARN: ArkTS:WARN File: D:/Arkts/3.8.11/legado-harmonydsh/oh_modules/.ohpm/@pura+harmony-utils@1.3.2/oh_modules/@pura/harmony-utils/src/main/ets/crypto/SM4.ets:267:15
 The system capacity of this api 'authTag' is not supported on all devices

WARN: ArkTS:WARN File: D:/Arkts/3.8.11/legado-harmonydsh/oh_modules/.ohpm/@pura+harmony-utils@1.3.2/oh_modules/@pura/harmony-utils/src/main/ets/crypto/SM4.ets:267:38
 The system capacity of this api 'doFinal' is not supported on all devices

WARN: ArkTS:WARN File: D:/Arkts/3.8.11/legado-harmonydsh/oh_modules/.ohpm/@pura+harmony-utils@1.3.2/oh_modules/@pura/harmony-utils/src/main/ets/crypto/SM4.ets:267:38
 Function may throw exceptions. Special handling is required.

WARN: ArkTS:WARN File: D:/Arkts/3.8.11/legado-harmonydsh/oh_modules/.ohpm/@pura+harmony-utils@1.3.2/oh_modules/@pura/harmony-utils/src/main/ets/crypto/SM4.ets:282:34
 The system capacity of this api 'createCipher' is not supported on all devices

WARN: ArkTS:WARN File: D:/Arkts/3.8.11/legado-harmonydsh/oh_modules/.ohpm/@pura+harmony-utils@1.3.2/oh_modules/@pura/harmony-utils/src/main/ets/crypto/SM4.ets:282:34
 Function may throw exceptions. Special handling is required.

WARN: ArkTS:WARN File: D:/Arkts/3.8.11/legado-harmonydsh/oh_modules/.ohpm/@pura+harmony-utils@1.3.2/oh_modules/@pura/harmony-utils/src/main/ets/crypto/SM4.ets:283:12
 Function may throw exceptions. Special handling is required.

WARN: ArkTS:WARN File: D:/Arkts/3.8.11/legado-harmonydsh/oh_modules/.ohpm/@pura+harmony-utils@1.3.2/oh_modules/@pura/harmony-utils/src/main/ets/crypto/SM4.ets:283:37
 The system capacity of this api 'CryptoMode' is not supported on all devices

WARN: ArkTS:WARN File: D:/Arkts/3.8.11/legado-harmonydsh/oh_modules/.ohpm/@pura+harmony-utils@1.3.2/oh_modules/@pura/harmony-utils/src/main/ets/crypto/SM4.ets:283:48
 The system capacity of this api 'ENCRYPT_MODE' is not supported on all devices

WARN: ArkTS:WARN File: D:/Arkts/3.8.11/legado-harmonydsh/oh_modules/.ohpm/@pura+harmony-utils@1.3.2/oh_modules/@pura/harmony-utils/src/main/ets/crypto/SM4.ets:288:33
 Function may throw exceptions. Special handling is required.

WARN: ArkTS:WARN File: D:/Arkts/3.8.11/legado-harmonydsh/oh_modules/.ohpm/@pura+harmony-utils@1.3.2/oh_modules/@pura/harmony-utils/src/main/ets/crypto/SM4.ets:294:15
 The system capacity of this api 'authTag' is not supported on all devices

WARN: ArkTS:WARN File: D:/Arkts/3.8.11/legado-harmonydsh/oh_modules/.ohpm/@pura+harmony-utils@1.3.2/oh_modules/@pura/harmony-utils/src/main/ets/crypto/SM4.ets:294:32
 Function may throw exceptions. Special handling is required.

WARN: ArkTS:WARN File: D:/Arkts/3.8.11/legado-harmonydsh/oh_modules/.ohpm/@pura+harmony-utils@1.3.2/oh_modules/@pura/harmony-utils/src/main/ets/crypto/SM4.ets:310:35
 The system capacity of this api 'createCipher' is not supported on all devices

WARN: ArkTS:WARN File: D:/Arkts/3.8.11/legado-harmonydsh/oh_modules/.ohpm/@pura+harmony-utils@1.3.2/oh_modules/@pura/harmony-utils/src/main/ets/crypto/SM4.ets:310:35
 Function may throw exceptions. Special handling is required.

WARN: ArkTS:WARN File: D:/Arkts/3.8.11/legado-harmonydsh/oh_modules/.ohpm/@pura+harmony-utils@1.3.2/oh_modules/@pura/harmony-utils/src/main/ets/crypto/SM4.ets:311:19
 The system capacity of this api 'init' is not supported on all devices

WARN: ArkTS:WARN File: D:/Arkts/3.8.11/legado-harmonydsh/oh_modules/.ohpm/@pura+harmony-utils@1.3.2/oh_modules/@pura/harmony-utils/src/main/ets/crypto/SM4.ets:311:19
 Function may throw exceptions. Special handling is required.

WARN: ArkTS:WARN File: D:/Arkts/3.8.11/legado-harmonydsh/oh_modules/.ohpm/@pura+harmony-utils@1.3.2/oh_modules/@pura/harmony-utils/src/main/ets/crypto/SM4.ets:311:40
 The system capacity of this api 'CryptoMode' is not supported on all devices

WARN: ArkTS:WARN File: D:/Arkts/3.8.11/legado-harmonydsh/oh_modules/.ohpm/@pura+harmony-utils@1.3.2/oh_modules/@pura/harmony-utils/src/main/ets/crypto/SM4.ets:311:51
 The system capacity of this api 'DECRYPT_MODE' is not supported on all devices

WARN: ArkTS:WARN File: D:/Arkts/3.8.11/legado-harmonydsh/oh_modules/.ohpm/@pura+harmony-utils@1.3.2/oh_modules/@pura/harmony-utils/src/main/ets/crypto/SM4.ets:316:40
 The system capacity of this api 'update' is not supported on all devices

WARN: ArkTS:WARN File: D:/Arkts/3.8.11/legado-harmonydsh/oh_modules/.ohpm/@pura+harmony-utils@1.3.2/oh_modules/@pura/harmony-utils/src/main/ets/crypto/SM4.ets:316:40
 Function may throw exceptions. Special handling is required.

WARN: ArkTS:WARN File: D:/Arkts/3.8.11/legado-harmonydsh/oh_modules/.ohpm/@pura+harmony-utils@1.3.2/oh_modules/@pura/harmony-utils/src/main/ets/crypto/SM4.ets:323:19
 The system capacity of this api 'doFinal' is not supported on all devices

WARN: ArkTS:WARN File: D:/Arkts/3.8.11/legado-harmonydsh/oh_modules/.ohpm/@pura+harmony-utils@1.3.2/oh_modules/@pura/harmony-utils/src/main/ets/crypto/SM4.ets:323:19
 Function may throw exceptions. Special handling is required.

WARN: ArkTS:WARN File: D:/Arkts/3.8.11/legado-harmonydsh/oh_modules/.ohpm/@pura+harmony-utils@1.3.2/oh_modules/@pura/harmony-utils/src/main/ets/crypto/SM4.ets:338:35
 The system capacity of this api 'createCipher' is not supported on all devices

WARN: ArkTS:WARN File: D:/Arkts/3.8.11/legado-harmonydsh/oh_modules/.ohpm/@pura+harmony-utils@1.3.2/oh_modules/@pura/harmony-utils/src/main/ets/crypto/SM4.ets:338:35
 Function may throw exceptions. Special handling is required.

WARN: ArkTS:WARN File: D:/Arkts/3.8.11/legado-harmonydsh/oh_modules/.ohpm/@pura+harmony-utils@1.3.2/oh_modules/@pura/harmony-utils/src/main/ets/crypto/SM4.ets:339:13
 Function may throw exceptions. Special handling is required.

WARN: ArkTS:WARN File: D:/Arkts/3.8.11/legado-harmonydsh/oh_modules/.ohpm/@pura+harmony-utils@1.3.2/oh_modules/@pura/harmony-utils/src/main/ets/crypto/SM4.ets:339:38
 The system capacity of this api 'CryptoMode' is not supported on all devices

WARN: ArkTS:WARN File: D:/Arkts/3.8.11/legado-harmonydsh/oh_modules/.ohpm/@pura+harmony-utils@1.3.2/oh_modules/@pura/harmony-utils/src/main/ets/crypto/SM4.ets:339:49
 The system capacity of this api 'DECRYPT_MODE' is not supported on all devices

WARN: ArkTS:WARN File: D:/Arkts/3.8.11/legado-harmonydsh/oh_modules/.ohpm/@pura+harmony-utils@1.3.2/oh_modules/@pura/harmony-utils/src/main/ets/crypto/SM4.ets:344:34
 Function may throw exceptions. Special handling is required.

WARN: ArkTS:WARN File: D:/Arkts/3.8.11/legado-harmonydsh/oh_modules/.ohpm/@pura+harmony-utils@1.3.2/oh_modules/@pura/harmony-utils/src/main/ets/crypto/SM4.ets:351:13
 Function may throw exceptions. Special handling is required.

WARN: ArkTS:WARN File: D:/Arkts/3.8.11/legado-harmonydsh/oh_modules/.ohpm/@pura+harmony-utils@1.3.2/oh_modules/@pura/harmony-utils/src/main/ets/crypto/AES.ets:37:34
 The system capacity of this api 'createCipher' is not supported on all devices

WARN: ArkTS:WARN File: D:/Arkts/3.8.11/legado-harmonydsh/oh_modules/.ohpm/@pura+harmony-utils@1.3.2/oh_modules/@pura/harmony-utils/src/main/ets/crypto/AES.ets:37:34
 Function may throw exceptions. Special handling is required.

WARN: ArkTS:WARN File: D:/Arkts/3.8.11/legado-harmonydsh/oh_modules/.ohpm/@pura+harmony-utils@1.3.2/oh_modules/@pura/harmony-utils/src/main/ets/crypto/AES.ets:38:18
 The system capacity of this api 'init' is not supported on all devices

WARN: ArkTS:WARN File: D:/Arkts/3.8.11/legado-harmonydsh/oh_modules/.ohpm/@pura+harmony-utils@1.3.2/oh_modules/@pura/harmony-utils/src/main/ets/crypto/AES.ets:38:18
 Function may throw exceptions. Special handling is required.

WARN: ArkTS:WARN File: D:/Arkts/3.8.11/legado-harmonydsh/oh_modules/.ohpm/@pura+harmony-utils@1.3.2/oh_modules/@pura/harmony-utils/src/main/ets/crypto/AES.ets:38:39
 The system capacity of this api 'CryptoMode' is not supported on all devices

WARN: ArkTS:WARN File: D:/Arkts/3.8.11/legado-harmonydsh/oh_modules/.ohpm/@pura+harmony-utils@1.3.2/oh_modules/@pura/harmony-utils/src/main/ets/crypto/AES.ets:38:50
 The system capacity of this api 'ENCRYPT_MODE' is not supported on all devices

WARN: ArkTS:WARN File: D:/Arkts/3.8.11/legado-harmonydsh/oh_modules/.ohpm/@pura+harmony-utils@1.3.2/oh_modules/@pura/harmony-utils/src/main/ets/crypto/AES.ets:39:38
 The system capacity of this api 'update' is not supported on all devices

WARN: ArkTS:WARN File: D:/Arkts/3.8.11/legado-harmonydsh/oh_modules/.ohpm/@pura+harmony-utils@1.3.2/oh_modules/@pura/harmony-utils/src/main/ets/crypto/AES.ets:39:38
 Function may throw exceptions. Special handling is required.

WARN: ArkTS:WARN File: D:/Arkts/3.8.11/legado-harmonydsh/oh_modules/.ohpm/@pura+harmony-utils@1.3.2/oh_modules/@pura/harmony-utils/src/main/ets/crypto/AES.ets:41:15
 The system capacity of this api 'authTag' is not supported on all devices

WARN: ArkTS:WARN File: D:/Arkts/3.8.11/legado-harmonydsh/oh_modules/.ohpm/@pura+harmony-utils@1.3.2/oh_modules/@pura/harmony-utils/src/main/ets/crypto/AES.ets:41:38
 The system capacity of this api 'doFinal' is not supported on all devices

WARN: ArkTS:WARN File: D:/Arkts/3.8.11/legado-harmonydsh/oh_modules/.ohpm/@pura+harmony-utils@1.3.2/oh_modules/@pura/harmony-utils/src/main/ets/crypto/AES.ets:41:38
 Function may throw exceptions. Special handling is required.

WARN: ArkTS:WARN File: D:/Arkts/3.8.11/legado-harmonydsh/oh_modules/.ohpm/@pura+harmony-utils@1.3.2/oh_modules/@pura/harmony-utils/src/main/ets/crypto/AES.ets:55:34
 The system capacity of this api 'createCipher' is not supported on all devices

WARN: ArkTS:WARN File: D:/Arkts/3.8.11/legado-harmonydsh/oh_modules/.ohpm/@pura+harmony-utils@1.3.2/oh_modules/@pura/harmony-utils/src/main/ets/crypto/AES.ets:55:34
 Function may throw exceptions. Special handling is required.

WARN: ArkTS:WARN File: D:/Arkts/3.8.11/legado-harmonydsh/oh_modules/.ohpm/@pura+harmony-utils@1.3.2/oh_modules/@pura/harmony-utils/src/main/ets/crypto/AES.ets:56:12
 Function may throw exceptions. Special handling is required.

WARN: ArkTS:WARN File: D:/Arkts/3.8.11/legado-harmonydsh/oh_modules/.ohpm/@pura+harmony-utils@1.3.2/oh_modules/@pura/harmony-utils/src/main/ets/crypto/AES.ets:56:37
 The system capacity of this api 'CryptoMode' is not supported on all devices

WARN: ArkTS:WARN File: D:/Arkts/3.8.11/legado-harmonydsh/oh_modules/.ohpm/@pura+harmony-utils@1.3.2/oh_modules/@pura/harmony-utils/src/main/ets/crypto/AES.ets:56:48
 The system capacity of this api 'ENCRYPT_MODE' is not supported on all devices

WARN: ArkTS:WARN File: D:/Arkts/3.8.11/legado-harmonydsh/oh_modules/.ohpm/@pura+harmony-utils@1.3.2/oh_modules/@pura/harmony-utils/src/main/ets/crypto/AES.ets:57:32
 Function may throw exceptions. Special handling is required.

WARN: ArkTS:WARN File: D:/Arkts/3.8.11/legado-harmonydsh/oh_modules/.ohpm/@pura+harmony-utils@1.3.2/oh_modules/@pura/harmony-utils/src/main/ets/crypto/AES.ets:59:15
 The system capacity of this api 'authTag' is not supported on all devices

WARN: ArkTS:WARN File: D:/Arkts/3.8.11/legado-harmonydsh/oh_modules/.ohpm/@pura+harmony-utils@1.3.2/oh_modules/@pura/harmony-utils/src/main/ets/crypto/AES.ets:59:32
 Function may throw exceptions. Special handling is required.

WARN: ArkTS:WARN File: D:/Arkts/3.8.11/legado-harmonydsh/oh_modules/.ohpm/@pura+harmony-utils@1.3.2/oh_modules/@pura/harmony-utils/src/main/ets/crypto/AES.ets:74:35
 The system capacity of this api 'createCipher' is not supported on all devices

WARN: ArkTS:WARN File: D:/Arkts/3.8.11/legado-harmonydsh/oh_modules/.ohpm/@pura+harmony-utils@1.3.2/oh_modules/@pura/harmony-utils/src/main/ets/crypto/AES.ets:74:35
 Function may throw exceptions. Special handling is required.

WARN: ArkTS:WARN File: D:/Arkts/3.8.11/legado-harmonydsh/oh_modules/.ohpm/@pura+harmony-utils@1.3.2/oh_modules/@pura/harmony-utils/src/main/ets/crypto/AES.ets:75:19
 The system capacity of this api 'init' is not supported on all devices

WARN: ArkTS:WARN File: D:/Arkts/3.8.11/legado-harmonydsh/oh_modules/.ohpm/@pura+harmony-utils@1.3.2/oh_modules/@pura/harmony-utils/src/main/ets/crypto/AES.ets:75:19
 Function may throw exceptions. Special handling is required.

WARN: ArkTS:WARN File: D:/Arkts/3.8.11/legado-harmonydsh/oh_modules/.ohpm/@pura+harmony-utils@1.3.2/oh_modules/@pura/harmony-utils/src/main/ets/crypto/AES.ets:75:40
 The system capacity of this api 'CryptoMode' is not supported on all devices

WARN: ArkTS:WARN File: D:/Arkts/3.8.11/legado-harmonydsh/oh_modules/.ohpm/@pura+harmony-utils@1.3.2/oh_modules/@pura/harmony-utils/src/main/ets/crypto/AES.ets:75:51
 The system capacity of this api 'DECRYPT_MODE' is not supported on all devices

WARN: ArkTS:WARN File: D:/Arkts/3.8.11/legado-harmonydsh/oh_modules/.ohpm/@pura+harmony-utils@1.3.2/oh_modules/@pura/harmony-utils/src/main/ets/crypto/AES.ets:76:39
 The system capacity of this api 'update' is not supported on all devices

WARN: ArkTS:WARN File: D:/Arkts/3.8.11/legado-harmonydsh/oh_modules/.ohpm/@pura+harmony-utils@1.3.2/oh_modules/@pura/harmony-utils/src/main/ets/crypto/AES.ets:76:39
 Function may throw exceptions. Special handling is required.

WARN: ArkTS:WARN File: D:/Arkts/3.8.11/legado-harmonydsh/oh_modules/.ohpm/@pura+harmony-utils@1.3.2/oh_modules/@pura/harmony-utils/src/main/ets/crypto/AES.ets:78:19
 The system capacity of this api 'doFinal' is not supported on all devices

WARN: ArkTS:WARN File: D:/Arkts/3.8.11/legado-harmonydsh/oh_modules/.ohpm/@pura+harmony-utils@1.3.2/oh_modules/@pura/harmony-utils/src/main/ets/crypto/AES.ets:78:19
 Function may throw exceptions. Special handling is required.

WARN: ArkTS:WARN File: D:/Arkts/3.8.11/legado-harmonydsh/oh_modules/.ohpm/@pura+harmony-utils@1.3.2/oh_modules/@pura/harmony-utils/src/main/ets/crypto/AES.ets:92:35
 The system capacity of this api 'createCipher' is not supported on all devices

WARN: ArkTS:WARN File: D:/Arkts/3.8.11/legado-harmonydsh/oh_modules/.ohpm/@pura+harmony-utils@1.3.2/oh_modules/@pura/harmony-utils/src/main/ets/crypto/AES.ets:92:35
 Function may throw exceptions. Special handling is required.

WARN: ArkTS:WARN File: D:/Arkts/3.8.11/legado-harmonydsh/oh_modules/.ohpm/@pura+harmony-utils@1.3.2/oh_modules/@pura/harmony-utils/src/main/ets/crypto/AES.ets:93:13
 Function may throw exceptions. Special handling is required.

WARN: ArkTS:WARN File: D:/Arkts/3.8.11/legado-harmonydsh/oh_modules/.ohpm/@pura+harmony-utils@1.3.2/oh_modules/@pura/harmony-utils/src/main/ets/crypto/AES.ets:93:38
 The system capacity of this api 'CryptoMode' is not supported on all devices

WARN: ArkTS:WARN File: D:/Arkts/3.8.11/legado-harmonydsh/oh_modules/.ohpm/@pura+harmony-utils@1.3.2/oh_modules/@pura/harmony-utils/src/main/ets/crypto/AES.ets:93:49
 The system capacity of this api 'DECRYPT_MODE' is not supported on all devices

WARN: ArkTS:WARN File: D:/Arkts/3.8.11/legado-harmonydsh/oh_modules/.ohpm/@pura+harmony-utils@1.3.2/oh_modules/@pura/harmony-utils/src/main/ets/crypto/AES.ets:94:33
 Function may throw exceptions. Special handling is required.

WARN: ArkTS:WARN File: D:/Arkts/3.8.11/legado-harmonydsh/oh_modules/.ohpm/@pura+harmony-utils@1.3.2/oh_modules/@pura/harmony-utils/src/main/ets/crypto/AES.ets:96:13
 Function may throw exceptions. Special handling is required.

WARN: ArkTS:WARN File: D:/Arkts/3.8.11/legado-harmonydsh/oh_modules/.ohpm/@pura+harmony-utils@1.3.2/oh_modules/@pura/harmony-utils/src/main/ets/crypto/AES.ets:271:34
 The system capacity of this api 'createCipher' is not supported on all devices

WARN: ArkTS:WARN File: D:/Arkts/3.8.11/legado-harmonydsh/oh_modules/.ohpm/@pura+harmony-utils@1.3.2/oh_modules/@pura/harmony-utils/src/main/ets/crypto/AES.ets:271:34
 Function may throw exceptions. Special handling is required.

WARN: ArkTS:WARN File: D:/Arkts/3.8.11/legado-harmonydsh/oh_modules/.ohpm/@pura+harmony-utils@1.3.2/oh_modules/@pura/harmony-utils/src/main/ets/crypto/AES.ets:272:18
 The system capacity of this api 'init' is not supported on all devices

WARN: ArkTS:WARN File: D:/Arkts/3.8.11/legado-harmonydsh/oh_modules/.ohpm/@pura+harmony-utils@1.3.2/oh_modules/@pura/harmony-utils/src/main/ets/crypto/AES.ets:272:18
 Function may throw exceptions. Special handling is required.

WARN: ArkTS:WARN File: D:/Arkts/3.8.11/legado-harmonydsh/oh_modules/.ohpm/@pura+harmony-utils@1.3.2/oh_modules/@pura/harmony-utils/src/main/ets/crypto/AES.ets:272:39
 The system capacity of this api 'CryptoMode' is not supported on all devices

WARN: ArkTS:WARN File: D:/Arkts/3.8.11/legado-harmonydsh/oh_modules/.ohpm/@pura+harmony-utils@1.3.2/oh_modules/@pura/harmony-utils/src/main/ets/crypto/AES.ets:272:50
 The system capacity of this api 'ENCRYPT_MODE' is not supported on all devices

WARN: ArkTS:WARN File: D:/Arkts/3.8.11/legado-harmonydsh/oh_modules/.ohpm/@pura+harmony-utils@1.3.2/oh_modules/@pura/harmony-utils/src/main/ets/crypto/AES.ets:277:39
 The system capacity of this api 'update' is not supported on all devices

WARN: ArkTS:WARN File: D:/Arkts/3.8.11/legado-harmonydsh/oh_modules/.ohpm/@pura+harmony-utils@1.3.2/oh_modules/@pura/harmony-utils/src/main/ets/crypto/AES.ets:277:39
 Function may throw exceptions. Special handling is required.

WARN: ArkTS:WARN File: D:/Arkts/3.8.11/legado-harmonydsh/oh_modules/.ohpm/@pura+harmony-utils@1.3.2/oh_modules/@pura/harmony-utils/src/main/ets/crypto/AES.ets:283:15
 The system capacity of this api 'authTag' is not supported on all devices

WARN: ArkTS:WARN File: D:/Arkts/3.8.11/legado-harmonydsh/oh_modules/.ohpm/@pura+harmony-utils@1.3.2/oh_modules/@pura/harmony-utils/src/main/ets/crypto/AES.ets:283:38
 The system capacity of this api 'doFinal' is not supported on all devices

WARN: ArkTS:WARN File: D:/Arkts/3.8.11/legado-harmonydsh/oh_modules/.ohpm/@pura+harmony-utils@1.3.2/oh_modules/@pura/harmony-utils/src/main/ets/crypto/AES.ets:283:38
 Function may throw exceptions. Special handling is required.

WARN: ArkTS:WARN File: D:/Arkts/3.8.11/legado-harmonydsh/oh_modules/.ohpm/@pura+harmony-utils@1.3.2/oh_modules/@pura/harmony-utils/src/main/ets/crypto/AES.ets:300:34
 The system capacity of this api 'createCipher' is not supported on all devices

WARN: ArkTS:WARN File: D:/Arkts/3.8.11/legado-harmonydsh/oh_modules/.ohpm/@pura+harmony-utils@1.3.2/oh_modules/@pura/harmony-utils/src/main/ets/crypto/AES.ets:300:34
 Function may throw exceptions. Special handling is required.

WARN: ArkTS:WARN File: D:/Arkts/3.8.11/legado-harmonydsh/oh_modules/.ohpm/@pura+harmony-utils@1.3.2/oh_modules/@pura/harmony-utils/src/main/ets/crypto/AES.ets:301:12
 Function may throw exceptions. Special handling is required.

WARN: ArkTS:WARN File: D:/Arkts/3.8.11/legado-harmonydsh/oh_modules/.ohpm/@pura+harmony-utils@1.3.2/oh_modules/@pura/harmony-utils/src/main/ets/crypto/AES.ets:301:37
 The system capacity of this api 'CryptoMode' is not supported on all devices

WARN: ArkTS:WARN File: D:/Arkts/3.8.11/legado-harmonydsh/oh_modules/.ohpm/@pura+harmony-utils@1.3.2/oh_modules/@pura/harmony-utils/src/main/ets/crypto/AES.ets:301:48
 The system capacity of this api 'ENCRYPT_MODE' is not supported on all devices

WARN: ArkTS:WARN File: D:/Arkts/3.8.11/legado-harmonydsh/oh_modules/.ohpm/@pura+harmony-utils@1.3.2/oh_modules/@pura/harmony-utils/src/main/ets/crypto/AES.ets:306:33
 Function may throw exceptions. Special handling is required.

WARN: ArkTS:WARN File: D:/Arkts/3.8.11/legado-harmonydsh/oh_modules/.ohpm/@pura+harmony-utils@1.3.2/oh_modules/@pura/harmony-utils/src/main/ets/crypto/AES.ets:312:15
 The system capacity of this api 'authTag' is not supported on all devices

WARN: ArkTS:WARN File: D:/Arkts/3.8.11/legado-harmonydsh/oh_modules/.ohpm/@pura+harmony-utils@1.3.2/oh_modules/@pura/harmony-utils/src/main/ets/crypto/AES.ets:312:32
 Function may throw exceptions. Special handling is required.

WARN: ArkTS:WARN File: D:/Arkts/3.8.11/legado-harmonydsh/oh_modules/.ohpm/@pura+harmony-utils@1.3.2/oh_modules/@pura/harmony-utils/src/main/ets/crypto/AES.ets:330:35
 The system capacity of this api 'createCipher' is not supported on all devices

WARN: ArkTS:WARN File: D:/Arkts/3.8.11/legado-harmonydsh/oh_modules/.ohpm/@pura+harmony-utils@1.3.2/oh_modules/@pura/harmony-utils/src/main/ets/crypto/AES.ets:330:35
 Function may throw exceptions. Special handling is required.

WARN: ArkTS:WARN File: D:/Arkts/3.8.11/legado-harmonydsh/oh_modules/.ohpm/@pura+harmony-utils@1.3.2/oh_modules/@pura/harmony-utils/src/main/ets/crypto/AES.ets:331:19
 The system capacity of this api 'init' is not supported on all devices

WARN: ArkTS:WARN File: D:/Arkts/3.8.11/legado-harmonydsh/oh_modules/.ohpm/@pura+harmony-utils@1.3.2/oh_modules/@pura/harmony-utils/src/main/ets/crypto/AES.ets:331:19
 Function may throw exceptions. Special handling is required.

WARN: ArkTS:WARN File: D:/Arkts/3.8.11/legado-harmonydsh/oh_modules/.ohpm/@pura+harmony-utils@1.3.2/oh_modules/@pura/harmony-utils/src/main/ets/crypto/AES.ets:331:40
 The system capacity of this api 'CryptoMode' is not supported on all devices

WARN: ArkTS:WARN File: D:/Arkts/3.8.11/legado-harmonydsh/oh_modules/.ohpm/@pura+harmony-utils@1.3.2/oh_modules/@pura/harmony-utils/src/main/ets/crypto/AES.ets:331:51
 The system capacity of this api 'DECRYPT_MODE' is not supported on all devices

WARN: ArkTS:WARN File: D:/Arkts/3.8.11/legado-harmonydsh/oh_modules/.ohpm/@pura+harmony-utils@1.3.2/oh_modules/@pura/harmony-utils/src/main/ets/crypto/AES.ets:336:40
 The system capacity of this api 'update' is not supported on all devices

WARN: ArkTS:WARN File: D:/Arkts/3.8.11/legado-harmonydsh/oh_modules/.ohpm/@pura+harmony-utils@1.3.2/oh_modules/@pura/harmony-utils/src/main/ets/crypto/AES.ets:336:40
 Function may throw exceptions. Special handling is required.

WARN: ArkTS:WARN File: D:/Arkts/3.8.11/legado-harmonydsh/oh_modules/.ohpm/@pura+harmony-utils@1.3.2/oh_modules/@pura/harmony-utils/src/main/ets/crypto/AES.ets:343:19
 The system capacity of this api 'doFinal' is not supported on all devices

WARN: ArkTS:WARN File: D:/Arkts/3.8.11/legado-harmonydsh/oh_modules/.ohpm/@pura+harmony-utils@1.3.2/oh_modules/@pura/harmony-utils/src/main/ets/crypto/AES.ets:343:19
 Function may throw exceptions. Special handling is required.

WARN: ArkTS:WARN File: D:/Arkts/3.8.11/legado-harmonydsh/oh_modules/.ohpm/@pura+harmony-utils@1.3.2/oh_modules/@pura/harmony-utils/src/main/ets/crypto/AES.ets:360:35
 The system capacity of this api 'createCipher' is not supported on all devices

WARN: ArkTS:WARN File: D:/Arkts/3.8.11/legado-harmonydsh/oh_modules/.ohpm/@pura+harmony-utils@1.3.2/oh_modules/@pura/harmony-utils/src/main/ets/crypto/AES.ets:360:35
 Function may throw exceptions. Special handling is required.

WARN: ArkTS:WARN File: D:/Arkts/3.8.11/legado-harmonydsh/oh_modules/.ohpm/@pura+harmony-utils@1.3.2/oh_modules/@pura/harmony-utils/src/main/ets/crypto/AES.ets:361:13
 Function may throw exceptions. Special handling is required.

WARN: ArkTS:WARN File: D:/Arkts/3.8.11/legado-harmonydsh/oh_modules/.ohpm/@pura+harmony-utils@1.3.2/oh_modules/@pura/harmony-utils/src/main/ets/crypto/AES.ets:361:38
 The system capacity of this api 'CryptoMode' is not supported on all devices

WARN: ArkTS:WARN File: D:/Arkts/3.8.11/legado-harmonydsh/oh_modules/.ohpm/@pura+harmony-utils@1.3.2/oh_modules/@pura/harmony-utils/src/main/ets/crypto/AES.ets:361:49
 The system capacity of this api 'DECRYPT_MODE' is not supported on all devices

WARN: ArkTS:WARN File: D:/Arkts/3.8.11/legado-harmonydsh/oh_modules/.ohpm/@pura+harmony-utils@1.3.2/oh_modules/@pura/harmony-utils/src/main/ets/crypto/AES.ets:366:34
 Function may throw exceptions. Special handling is required.

WARN: ArkTS:WARN File: D:/Arkts/3.8.11/legado-harmonydsh/oh_modules/.ohpm/@pura+harmony-utils@1.3.2/oh_modules/@pura/harmony-utils/src/main/ets/crypto/AES.ets:373:13
 Function may throw exceptions. Special handling is required.

WARN: ArkTS:WARN File: D:/Arkts/3.8.11/legado-harmonydsh/oh_modules/.ohpm/@pura+harmony-utils@1.3.2/oh_modules/@pura/harmony-utils/src/main/ets/crypto/RSA.ets:85:34
 The system capacity of this api 'createCipher' is not supported on all devices

WARN: ArkTS:WARN File: D:/Arkts/3.8.11/legado-harmonydsh/oh_modules/.ohpm/@pura+harmony-utils@1.3.2/oh_modules/@pura/harmony-utils/src/main/ets/crypto/RSA.ets:85:34
 Function may throw exceptions. Special handling is required.

WARN: ArkTS:WARN File: D:/Arkts/3.8.11/legado-harmonydsh/oh_modules/.ohpm/@pura+harmony-utils@1.3.2/oh_modules/@pura/harmony-utils/src/main/ets/crypto/RSA.ets:86:18
 The system capacity of this api 'init' is not supported on all devices

WARN: ArkTS:WARN File: D:/Arkts/3.8.11/legado-harmonydsh/oh_modules/.ohpm/@pura+harmony-utils@1.3.2/oh_modules/@pura/harmony-utils/src/main/ets/crypto/RSA.ets:86:18
 Function may throw exceptions. Special handling is required.

WARN: ArkTS:WARN File: D:/Arkts/3.8.11/legado-harmonydsh/oh_modules/.ohpm/@pura+harmony-utils@1.3.2/oh_modules/@pura/harmony-utils/src/main/ets/crypto/RSA.ets:86:39
 The system capacity of this api 'CryptoMode' is not supported on all devices

WARN: ArkTS:WARN File: D:/Arkts/3.8.11/legado-harmonydsh/oh_modules/.ohpm/@pura+harmony-utils@1.3.2/oh_modules/@pura/harmony-utils/src/main/ets/crypto/RSA.ets:86:50
 The system capacity of this api 'ENCRYPT_MODE' is not supported on all devices

WARN: ArkTS:WARN File: D:/Arkts/3.8.11/legado-harmonydsh/oh_modules/.ohpm/@pura+harmony-utils@1.3.2/oh_modules/@pura/harmony-utils/src/main/ets/crypto/RSA.ets:91:39
 The system capacity of this api 'doFinal' is not supported on all devices

WARN: ArkTS:WARN File: D:/Arkts/3.8.11/legado-harmonydsh/oh_modules/.ohpm/@pura+harmony-utils@1.3.2/oh_modules/@pura/harmony-utils/src/main/ets/crypto/RSA.ets:91:39
 Function may throw exceptions. Special handling is required.

WARN: ArkTS:WARN File: D:/Arkts/3.8.11/legado-harmonydsh/oh_modules/.ohpm/@pura+harmony-utils@1.3.2/oh_modules/@pura/harmony-utils/src/main/ets/crypto/RSA.ets:113:34
 The system capacity of this api 'createCipher' is not supported on all devices

WARN: ArkTS:WARN File: D:/Arkts/3.8.11/legado-harmonydsh/oh_modules/.ohpm/@pura+harmony-utils@1.3.2/oh_modules/@pura/harmony-utils/src/main/ets/crypto/RSA.ets:113:34
 Function may throw exceptions. Special handling is required.

WARN: ArkTS:WARN File: D:/Arkts/3.8.11/legado-harmonydsh/oh_modules/.ohpm/@pura+harmony-utils@1.3.2/oh_modules/@pura/harmony-utils/src/main/ets/crypto/RSA.ets:114:12
 Function may throw exceptions. Special handling is required.

WARN: ArkTS:WARN File: D:/Arkts/3.8.11/legado-harmonydsh/oh_modules/.ohpm/@pura+harmony-utils@1.3.2/oh_modules/@pura/harmony-utils/src/main/ets/crypto/RSA.ets:114:37
 The system capacity of this api 'CryptoMode' is not supported on all devices

WARN: ArkTS:WARN File: D:/Arkts/3.8.11/legado-harmonydsh/oh_modules/.ohpm/@pura+harmony-utils@1.3.2/oh_modules/@pura/harmony-utils/src/main/ets/crypto/RSA.ets:114:48
 The system capacity of this api 'ENCRYPT_MODE' is not supported on all devices

WARN: ArkTS:WARN File: D:/Arkts/3.8.11/legado-harmonydsh/oh_modules/.ohpm/@pura+harmony-utils@1.3.2/oh_modules/@pura/harmony-utils/src/main/ets/crypto/RSA.ets:119:33
 Function may throw exceptions. Special handling is required.

WARN: ArkTS:WARN File: D:/Arkts/3.8.11/legado-harmonydsh/oh_modules/.ohpm/@pura+harmony-utils@1.3.2/oh_modules/@pura/harmony-utils/src/main/ets/crypto/RSA.ets:139:34
 The system capacity of this api 'createCipher' is not supported on all devices

WARN: ArkTS:WARN File: D:/Arkts/3.8.11/legado-harmonydsh/oh_modules/.ohpm/@pura+harmony-utils@1.3.2/oh_modules/@pura/harmony-utils/src/main/ets/crypto/RSA.ets:139:34
 Function may throw exceptions. Special handling is required.

WARN: ArkTS:WARN File: D:/Arkts/3.8.11/legado-harmonydsh/oh_modules/.ohpm/@pura+harmony-utils@1.3.2/oh_modules/@pura/harmony-utils/src/main/ets/crypto/RSA.ets:140:18
 The system capacity of this api 'init' is not supported on all devices

WARN: ArkTS:WARN File: D:/Arkts/3.8.11/legado-harmonydsh/oh_modules/.ohpm/@pura+harmony-utils@1.3.2/oh_modules/@pura/harmony-utils/src/main/ets/crypto/RSA.ets:140:18
 Function may throw exceptions. Special handling is required.

WARN: ArkTS:WARN File: D:/Arkts/3.8.11/legado-harmonydsh/oh_modules/.ohpm/@pura+harmony-utils@1.3.2/oh_modules/@pura/harmony-utils/src/main/ets/crypto/RSA.ets:140:39
 The system capacity of this api 'CryptoMode' is not supported on all devices

WARN: ArkTS:WARN File: D:/Arkts/3.8.11/legado-harmonydsh/oh_modules/.ohpm/@pura+harmony-utils@1.3.2/oh_modules/@pura/harmony-utils/src/main/ets/crypto/RSA.ets:140:50
 The system capacity of this api 'DECRYPT_MODE' is not supported on all devices

WARN: ArkTS:WARN File: D:/Arkts/3.8.11/legado-harmonydsh/oh_modules/.ohpm/@pura+harmony-utils@1.3.2/oh_modules/@pura/harmony-utils/src/main/ets/crypto/RSA.ets:145:39
 The system capacity of this api 'doFinal' is not supported on all devices

WARN: ArkTS:WARN File: D:/Arkts/3.8.11/legado-harmonydsh/oh_modules/.ohpm/@pura+harmony-utils@1.3.2/oh_modules/@pura/harmony-utils/src/main/ets/crypto/RSA.ets:145:39
 Function may throw exceptions. Special handling is required.

WARN: ArkTS:WARN File: D:/Arkts/3.8.11/legado-harmonydsh/oh_modules/.ohpm/@pura+harmony-utils@1.3.2/oh_modules/@pura/harmony-utils/src/main/ets/crypto/RSA.ets:166:34
 The system capacity of this api 'createCipher' is not supported on all devices

WARN: ArkTS:WARN File: D:/Arkts/3.8.11/legado-harmonydsh/oh_modules/.ohpm/@pura+harmony-utils@1.3.2/oh_modules/@pura/harmony-utils/src/main/ets/crypto/RSA.ets:166:34
 Function may throw exceptions. Special handling is required.

WARN: ArkTS:WARN File: D:/Arkts/3.8.11/legado-harmonydsh/oh_modules/.ohpm/@pura+harmony-utils@1.3.2/oh_modules/@pura/harmony-utils/src/main/ets/crypto/RSA.ets:167:12
 Function may throw exceptions. Special handling is required.

WARN: ArkTS:WARN File: D:/Arkts/3.8.11/legado-harmonydsh/oh_modules/.ohpm/@pura+harmony-utils@1.3.2/oh_modules/@pura/harmony-utils/src/main/ets/crypto/RSA.ets:167:37
 The system capacity of this api 'CryptoMode' is not supported on all devices

WARN: ArkTS:WARN File: D:/Arkts/3.8.11/legado-harmonydsh/oh_modules/.ohpm/@pura+harmony-utils@1.3.2/oh_modules/@pura/harmony-utils/src/main/ets/crypto/RSA.ets:167:48
 The system capacity of this api 'DECRYPT_MODE' is not supported on all devices

WARN: ArkTS:WARN File: D:/Arkts/3.8.11/legado-harmonydsh/oh_modules/.ohpm/@pura+harmony-utils@1.3.2/oh_modules/@pura/harmony-utils/src/main/ets/crypto/RSA.ets:172:33
 Function may throw exceptions. Special handling is required.

WARN: ArkTS:WARN File: D:/Arkts/3.8.11/legado-harmonydsh/oh_modules/.ohpm/@pura+harmony-utils@1.3.2/oh_modules/@pura/harmony-utils/src/main/ets/crypto/RSA.ets:339:36
 The system capacity of this api 'createVerify' is not supported on all devices

WARN: ArkTS:WARN File: D:/Arkts/3.8.11/legado-harmonydsh/oh_modules/.ohpm/@pura+harmony-utils@1.3.2/oh_modules/@pura/harmony-utils/src/main/ets/crypto/RSA.ets:339:36
 Function may throw exceptions. Special handling is required.

WARN: ArkTS:WARN File: D:/Arkts/3.8.11/legado-harmonydsh/oh_modules/.ohpm/@pura+harmony-utils@1.3.2/oh_modules/@pura/harmony-utils/src/main/ets/crypto/RSA.ets:340:20
 The system capacity of this api 'init' is not supported on all devices

WARN: ArkTS:WARN File: D:/Arkts/3.8.11/legado-harmonydsh/oh_modules/.ohpm/@pura+harmony-utils@1.3.2/oh_modules/@pura/harmony-utils/src/main/ets/crypto/RSA.ets:340:20
 Function may throw exceptions. Special handling is required.

WARN: ArkTS:WARN File: D:/Arkts/3.8.11/legado-harmonydsh/oh_modules/.ohpm/@pura+harmony-utils@1.3.2/oh_modules/@pura/harmony-utils/src/main/ets/crypto/RSA.ets:341:38
 Function may throw exceptions. Special handling is required.

WARN: ArkTS:WARN File: D:/Arkts/3.8.11/legado-harmonydsh/oh_modules/.ohpm/@pura+harmony-utils@1.3.2/oh_modules/@pura/harmony-utils/src/main/ets/crypto/RSA.ets:353:36
 The system capacity of this api 'createVerify' is not supported on all devices

WARN: ArkTS:WARN File: D:/Arkts/3.8.11/legado-harmonydsh/oh_modules/.ohpm/@pura+harmony-utils@1.3.2/oh_modules/@pura/harmony-utils/src/main/ets/crypto/RSA.ets:353:36
 Function may throw exceptions. Special handling is required.

WARN: ArkTS:WARN File: D:/Arkts/3.8.11/legado-harmonydsh/oh_modules/.ohpm/@pura+harmony-utils@1.3.2/oh_modules/@pura/harmony-utils/src/main/ets/crypto/RSA.ets:354:14
 Function may throw exceptions. Special handling is required.

WARN: ArkTS:WARN File: D:/Arkts/3.8.11/legado-harmonydsh/oh_modules/.ohpm/@pura+harmony-utils@1.3.2/oh_modules/@pura/harmony-utils/src/main/ets/crypto/RSA.ets:355:32
 Function may throw exceptions. Special handling is required.

WARN: ArkTS:WARN File: D:/Arkts/3.8.11/legado-harmonydsh/entry/src/main/ets/componets/common/promptShow.ets:16:16
 'showToast' has been deprecated.

WARN: ArkTS:WARN File: D:/Arkts/3.8.11/legado-harmonydsh/entry/src/main/ets/componets/common/promptShow.ets:16:16
 Function may throw exceptions. Special handling is required.

WARN: ArkTS:WARN File: D:/Arkts/3.8.11/legado-harmonydsh/entry/src/main/ets/entryability/WindowAbility.ets:45:36
 Function may throw exceptions. Special handling is required.

WARN: ArkTS:WARN File: D:/Arkts/3.8.11/legado-harmonydsh/entry/src/main/ets/entryability/WindowAbility.ets:47:53
 Function may throw exceptions. Special handling is required.

WARN: ArkTS:WARN File: D:/Arkts/3.8.11/legado-harmonydsh/entry/src/main/ets/entryability/WindowAbility.ets:48:50
 Function may throw exceptions. Special handling is required.

WARN: ArkTS:WARN File: D:/Arkts/3.8.11/legado-harmonydsh/entry/src/main/ets/entryability/WindowAbility.ets:98:22
 Function may throw exceptions. Special handling is required.

WARN: ArkTS:WARN File: D:/Arkts/3.8.11/legado-harmonydsh/entry/src/main/ets/entryability/WindowAbility.ets:112:22
 Function may throw exceptions. Special handling is required.

WARN: ArkTS:WARN File: D:/Arkts/3.8.11/legado-harmonydsh/entry/src/main/ets/entryability/WindowAbility.ets:125:52
 Function may throw exceptions. Special handling is required.

WARN: ArkTS:WARN File: D:/Arkts/3.8.11/legado-harmonydsh/entry/src/main/ets/entryability/WindowAbility.ets:136:12
 Function may throw exceptions. Special handling is required.

WARN: ArkTS:WARN File: D:/Arkts/3.8.11/legado-harmonydsh/entry/src/main/ets/entryability/EntryAbility.ets:55:14
 'px2vp' has been deprecated.

WARN: ArkTS:WARN File: D:/Arkts/3.8.11/legado-harmonydsh/entry/src/main/ets/entryability/EntryAbility.ets:62:14
 'px2vp' has been deprecated.

WARN: ArkTS:WARN File: D:/Arkts/3.8.11/legado-harmonydsh/entry/src/main/ets/entryability/EntryAbility.ets:69:47
 Function may throw exceptions. Special handling is required.

WARN: ArkTS:WARN File: D:/Arkts/3.8.11/legado-harmonydsh/entry/src/main/ets/common/utils/HostContextUtil.ets:66:37
 'getContext' has been deprecated.

WARN: ArkTS:WARN File: D:/Arkts/3.8.11/legado-harmonydsh/entry/src/main/ets/common/utils/HostContextUtil.ets:66:52
 'getContext' has been deprecated.

WARN: ArkTS:WARN File: D:/Arkts/3.8.11/legado-harmonydsh/entry/src/main/ets/common/router/AppRouter.ets:92:14
 'back' has been deprecated.

WARN: ArkTS:WARN File: D:/Arkts/3.8.11/legado-harmonydsh/entry/src/main/ets/common/router/AppRouter.ets:97:14
 'back' has been deprecated.

WARN: ArkTS:WARN File: D:/Arkts/3.8.11/legado-harmonydsh/entry/src/main/ets/common/router/AppRouter.ets:104:28
 'getState' has been deprecated.

WARN: ArkTS:WARN File: D:/Arkts/3.8.11/legado-harmonydsh/entry/src/main/ets/common/router/AppRouter.ets:110:14
 'back' has been deprecated.

WARN: ArkTS:WARN File: D:/Arkts/3.8.11/legado-harmonydsh/entry/src/main/ets/common/utils/DataPreferencesUtils.ets:31:10
 'getContext' has been deprecated.

WARN: ArkTS:WARN File: D:/Arkts/3.8.11/legado-harmonydsh/entry/src/main/ets/common/utils/DataPreferencesUtils.ets:42:40
 Function may throw exceptions. Special handling is required.

WARN: ArkTS:WARN File: D:/Arkts/3.8.11/legado-harmonydsh/entry/src/main/ets/common/utils/DataPreferencesUtils.ets:51:23
 Function may throw exceptions. Special handling is required.

WARN: ArkTS:WARN File: D:/Arkts/3.8.11/legado-harmonydsh/entry/src/main/ets/common/utils/DataPreferencesUtils.ets:52:23
 Function may throw exceptions. Special handling is required.

WARN: ArkTS:WARN File: D:/Arkts/3.8.11/legado-harmonydsh/entry/src/main/ets/common/utils/DataPreferencesUtils.ets:60:35
 Function may throw exceptions. Special handling is required.

WARN: ArkTS:WARN File: D:/Arkts/3.8.11/legado-harmonydsh/entry/src/main/ets/common/utils/DataPreferencesUtils.ets:69:27
 Function may throw exceptions. Special handling is required.

WARN: ArkTS:WARN File: D:/Arkts/3.8.11/legado-harmonydsh/entry/src/main/ets/common/utils/DataPreferencesUtils.ets:70:24
 Function may throw exceptions. Special handling is required.

WARN: ArkTS:WARN File: D:/Arkts/3.8.11/legado-harmonydsh/entry/src/main/ets/common/utils/DataPreferencesUtils.ets:71:24
 Function may throw exceptions. Special handling is required.

WARN: ArkTS:WARN File: D:/Arkts/3.8.11/legado-harmonydsh/entry/src/main/ets/componets/common/Header.ets:48:24
 'back' has been deprecated.

WARN: ArkTS:WARN File: D:/Arkts/3.8.11/legado-harmonydsh/entry/src/main/ets/pages/view/dialog/shareWorksBook.ets:258:23
 'get' has been deprecated.

WARN: ArkTS:WARN File: D:/Arkts/3.8.11/legado-harmonydsh/entry/src/main/ets/pages/view/dialog/shareWorksBook.ets:262:22
 'packing' has been deprecated.

WARN: ArkTS:WARN File: D:/Arkts/3.8.11/legado-harmonydsh/entry/src/main/ets/pages/view/dialog/shareWorksBook.ets:265:32
 To use this API, you need to apply for the permissions: ohos.permission.WRITE_IMAGEVIDEO

WARN: ArkTS:WARN File: D:/Arkts/3.8.11/legado-harmonydsh/entry/src/main/ets/common/utils/photoViewPicker.ets:71:30
 'PhotoSelectOptions' has been deprecated.

WARN: ArkTS:WARN File: D:/Arkts/3.8.11/legado-harmonydsh/entry/src/main/ets/common/utils/photoViewPicker.ets:73:11
 'MIMEType' has been deprecated.

WARN: ArkTS:WARN File: D:/Arkts/3.8.11/legado-harmonydsh/entry/src/main/ets/common/utils/photoViewPicker.ets:73:29
 'PhotoViewMIMETypes' has been deprecated.

WARN: ArkTS:WARN File: D:/Arkts/3.8.11/legado-harmonydsh/entry/src/main/ets/common/utils/photoViewPicker.ets:73:48
 'IMAGE_TYPE' has been deprecated.

WARN: ArkTS:WARN File: D:/Arkts/3.8.11/legado-harmonydsh/entry/src/main/ets/common/utils/photoViewPicker.ets:75:11
 'maxSelectNumber' has been deprecated.

WARN: ArkTS:WARN File: D:/Arkts/3.8.11/legado-harmonydsh/entry/src/main/ets/common/utils/photoViewPicker.ets:78:33
 'PhotoViewPicker' has been deprecated.

WARN: ArkTS:WARN File: D:/Arkts/3.8.11/legado-harmonydsh/entry/src/main/ets/common/utils/photoViewPicker.ets:79:33
 'select' has been deprecated.

WARN: ArkTS:WARN File: D:/Arkts/3.8.11/legado-harmonydsh/entry/src/main/ets/common/utils/photoViewPicker.ets:80:15
 'photoUris' has been deprecated.

WARN: ArkTS:WARN File: D:/Arkts/3.8.11/legado-harmonydsh/entry/src/main/ets/common/utils/FileHandler.ets:41:10
 'getContext' has been deprecated.

WARN: ArkTS:WARN File: D:/Arkts/3.8.11/legado-harmonydsh/entry/src/main/ets/common/utils/FileHandler.ets:50:19
 Function may throw exceptions. Special handling is required.

WARN: ArkTS:WARN File: D:/Arkts/3.8.11/legado-harmonydsh/entry/src/main/ets/common/utils/FileHandler.ets:197:36
 'decodeWithStream' has been deprecated.

WARN: ArkTS:WARN File: D:/Arkts/3.8.11/legado-harmonydsh/entry/src/main/ets/pages/view/myCenter/MyCenter.ets:379:45
 Function may throw exceptions. Special handling is required.

WARN: ArkTS:WARN File: D:/Arkts/3.8.11/legado-harmonydsh/entry/src/main/ets/pages/view/myCenter/MyCenter.ets:395:45
 Function may throw exceptions. Special handling is required.

WARN: ArkTS:WARN File: D:/Arkts/3.8.11/legado-harmonydsh/entry/src/main/ets/pages/view/BookDetailPage.ets:131:76
 Function may throw exceptions. Special handling is required.

WARN: ArkTS:WARN File: D:/Arkts/3.8.11/legado-harmonydsh/entry/src/main/ets/pages/view/BookDetailPage.ets:132:42
 Function may throw exceptions. Special handling is required.

WARN: ArkTS:WARN File: D:/Arkts/3.8.11/legado-harmonydsh/entry/src/main/ets/tts/EdgeTtsClient.ets:75:32
 The system capacity of this api 'createMd' is not supported on all devices

WARN: ArkTS:WARN File: D:/Arkts/3.8.11/legado-harmonydsh/entry/src/main/ets/tts/EdgeTtsClient.ets:76:14
 The system capacity of this api 'update' is not supported on all devices

WARN: ArkTS:WARN File: D:/Arkts/3.8.11/legado-harmonydsh/entry/src/main/ets/tts/EdgeTtsClient.ets:77:27
 The system capacity of this api 'digest' is not supported on all devices

WARN: ArkTS:WARN File: D:/Arkts/3.8.11/legado-harmonydsh/entry/src/main/ets/tts/NativeDecoder.ets:5:20
 Currently module for 'libttsdec.so' is not verified. If you're importing napi, its verification will be enabled in later SDK version. Please make sure the corresponding .d.ts file is provided and the napis are correctly declared.

WARN: ArkTS:WARN File: D:/Arkts/3.8.11/legado-harmonydsh/entry/src/main/ets/tts/PcmPlayer.ets:276:19
 The system capacity of this api 'audio' is not supported on all devices

WARN: ArkTS:WARN File: D:/Arkts/3.8.11/legado-harmonydsh/entry/src/main/ets/tts/PcmPlayer.ets:277:23
 The system capacity of this api 'audio' is not supported on all devices

WARN: ArkTS:WARN File: D:/Arkts/3.8.11/legado-harmonydsh/entry/src/main/ets/tts/PcmPlayer.ets:278:23
 The system capacity of this api 'audio' is not supported on all devices

WARN: ArkTS:WARN File: D:/Arkts/3.8.11/legado-harmonydsh/entry/src/main/ets/tts/PcmPlayer.ets:281:16
 The system capacity of this api 'audio' is not supported on all devices

WARN: ArkTS:WARN File: D:/Arkts/3.8.11/legado-harmonydsh/entry/src/main/ets/tts/PcmPlayer.ets:285:21
 The system capacity of this api 'audio' is not supported on all devices

WARN: ArkTS:WARN File: D:/Arkts/3.8.11/legado-harmonydsh/entry/src/main/ets/tts/PcmPlayer.ets:289:7
 Function may throw exceptions. Special handling is required.

WARN: ArkTS:WARN File: D:/Arkts/3.8.11/legado-harmonydsh/entry/src/main/ets/tts/PcmPlayer.ets:295:32
 The system capacity of this api 'audio' is not supported on all devices

WARN: ArkTS:WARN File: D:/Arkts/3.8.11/legado-harmonydsh/entry/src/main/ets/tts/PcmPlayer.ets:302:14
 The system capacity of this api 'audio' is not supported on all devices

WARN: ArkTS:WARN File: D:/Arkts/3.8.11/legado-harmonydsh/entry/src/main/ets/tts/PcmPlayer.ets:312:14
 The system capacity of this api 'audio' is not supported on all devices

WARN: ArkTS:WARN File: D:/Arkts/3.8.11/legado-harmonydsh/entry/src/main/ets/tts/PcmPlayer.ets:319:14
 The system capacity of this api 'audio' is not supported on all devices

WARN: ArkTS:WARN File: D:/Arkts/3.8.11/legado-harmonydsh/entry/src/main/ets/tts/PcmPlayer.ets:338:15
 The system capacity of this api 'audio' is not supported on all devices

WARN: ArkTS:WARN File: D:/Arkts/3.8.11/legado-harmonydsh/entry/src/main/ets/tts/PcmPlayer.ets:338:56
 The system capacity of this api 'audio' is not supported on all devices

WARN: ArkTS:WARN File: D:/Arkts/3.8.11/legado-harmonydsh/entry/src/main/ets/tts/PcmPlayer.ets:339:16
 The system capacity of this api 'audio' is not supported on all devices

WARN: ArkTS:WARN File: D:/Arkts/3.8.11/legado-harmonydsh/entry/src/main/ets/tts/PcmPlayer.ets:442:33
 'write' has been deprecated.

WARN: ArkTS:WARN File: D:/Arkts/3.8.11/legado-harmonydsh/entry/src/main/ets/tts/PcmPlayer.ets:482:31
 'write' has been deprecated.

WARN: ArkTS:WARN File: D:/Arkts/3.8.11/legado-harmonydsh/entry/src/main/ets/tts/PcmPlayer.ets:517:45
 The system capacity of this api 'audio' is not supported on all devices

WARN: ArkTS:WARN File: D:/Arkts/3.8.11/legado-harmonydsh/entry/src/main/ets/tts/PcmPlayer.ets:536:21
 The system capacity of this api 'audio' is not supported on all devices

WARN: ArkTS:WARN File: D:/Arkts/3.8.11/legado-harmonydsh/entry/src/main/ets/tts/PcmPlayer.ets:537:21
 The system capacity of this api 'audio' is not supported on all devices

WARN: ArkTS:WARN File: D:/Arkts/3.8.11/legado-harmonydsh/entry/src/main/ets/tts/PcmPlayer.ets:563:49
 The system capacity of this api 'audio' is not supported on all devices

WARN: ArkTS:WARN File: D:/Arkts/3.8.11/legado-harmonydsh/entry/src/main/ets/tts/PcmPlayer.ets:564:9
 The system capacity of this api 'audio' is not supported on all devices

WARN: ArkTS:WARN File: D:/Arkts/3.8.11/legado-harmonydsh/entry/src/main/ets/tts/PcmPlayer.ets:565:49
 The system capacity of this api 'audio' is not supported on all devices

WARN: ArkTS:WARN File: D:/Arkts/3.8.11/legado-harmonydsh/entry/src/main/ets/tts/PcmPlayer.ets:566:9
 The system capacity of this api 'audio' is not supported on all devices

WARN: ArkTS:WARN File: D:/Arkts/3.8.11/legado-harmonydsh/entry/src/main/ets/tts/PcmPlayer.ets:567:49
 The system capacity of this api 'audio' is not supported on all devices

WARN: ArkTS:WARN File: D:/Arkts/3.8.11/legado-harmonydsh/entry/src/main/ets/tts/PcmPlayer.ets:568:9
 The system capacity of this api 'audio' is not supported on all devices

WARN: ArkTS:WARN File: D:/Arkts/3.8.11/legado-harmonydsh/entry/src/main/ets/tts/PcmPlayer.ets:569:49
 The system capacity of this api 'audio' is not supported on all devices

WARN: ArkTS:WARN File: D:/Arkts/3.8.11/legado-harmonydsh/entry/src/main/ets/tts/PcmPlayer.ets:570:9
 The system capacity of this api 'audio' is not supported on all devices

WARN: ArkTS:WARN File: D:/Arkts/3.8.11/legado-harmonydsh/entry/src/main/ets/tts/PcmPlayer.ets:630:38
 The system capacity of this api 'audio' is not supported on all devices

WARN: ArkTS:WARN File: D:/Arkts/3.8.11/legado-harmonydsh/entry/src/main/ets/tts/PcmPlayer.ets:636:35
 The system capacity of this api 'audio' is not supported on all devices

WARN: ArkTS:WARN File: D:/Arkts/3.8.11/legado-harmonydsh/entry/src/main/ets/tts/PcmPlayer.ets:653:35
 The system capacity of this api 'audio' is not supported on all devices

WARN: ArkTS:WARN File: D:/Arkts/3.8.11/legado-harmonydsh/entry/src/main/ets/tts/PcmPlayer.ets:669:17
 The system capacity of this api 'audio' is not supported on all devices

WARN: ArkTS:WARN File: D:/Arkts/3.8.11/legado-harmonydsh/entry/src/main/ets/tts/PcmPlayer.ets:669:57
 The system capacity of this api 'audio' is not supported on all devices

WARN: ArkTS:WARN File: D:/Arkts/3.8.11/legado-harmonydsh/entry/src/main/ets/components/tts/TtsControlPanel.ets:315:19
 The system capacity of this api 'audio' is not supported on all devices

WARN: ArkTS:WARN File: D:/Arkts/3.8.11/legado-harmonydsh/entry/src/main/ets/components/tts/TtsControlPanel.ets:316:11
 'isMute' has been deprecated.

WARN: ArkTS:WARN File: D:/Arkts/3.8.11/legado-harmonydsh/entry/src/main/ets/components/tts/TtsControlPanel.ets:316:18
 The system capacity of this api 'audio' is not supported on all devices

WARN: ArkTS:WARN File: D:/Arkts/3.8.11/legado-harmonydsh/entry/src/main/ets/pages/view/Reader/ReaderPage3.ets:427:45
 Function may throw exceptions. Special handling is required.

WARN: ArkTS:WARN File: D:/Arkts/3.8.11/legado-harmonydsh/entry/src/main/ets/pages/view/Reader/ReaderPage3.ets:433:45
 Function may throw exceptions. Special handling is required.

WARN: ArkTS:WARN File: D:/Arkts/3.8.11/legado-harmonydsh/entry/src/main/ets/pages/view/Reader/ReaderPage3.ets:987:31
 Function may throw exceptions. Special handling is required.

WARN: ArkTS:WARN File: D:/Arkts/3.8.11/legado-harmonydsh/entry/src/main/ets/pages/view/Reader/ReaderPage3.ets:1036:36
 Function may throw exceptions. Special handling is required.

WARN: ArkTS:WARN File: D:/Arkts/3.8.11/legado-harmonydsh/entry/src/main/ets/pages/view/Reader/ReaderPage3.ets:1759:43
 Function may throw exceptions. Special handling is required.

WARN: ArkTS:WARN File: D:/Arkts/3.8.11/legado-harmonydsh/entry/src/main/ets/pages/view/Reader/ReaderPage3.ets:2051:45
 Function may throw exceptions. Special handling is required.

WARN: ArkTS:WARN File: D:/Arkts/3.8.11/legado-harmonydsh/entry/src/main/ets/pages/view/Reader/ReaderPage3.ets:2066:47
 Function may throw exceptions. Special handling is required.

WARN: ArkTS:WARN File: D:/Arkts/3.8.11/legado-harmonydsh/entry/src/main/ets/pages/view/Reader/ReaderPage3.ets:2150:26
 Function may throw exceptions. Special handling is required.

WARN: ArkTS:WARN File: D:/Arkts/3.8.11/legado-harmonydsh/entry/src/main/ets/pages/view/Reader/ReaderPage3.ets:2267:26
 Function may throw exceptions. Special handling is required.

WARN: ArkTS:WARN File: D:/Arkts/3.8.11/legado-harmonydsh/entry/src/main/ets/pages/view/Reader/ReaderPage3.ets:2420:26
 Function may throw exceptions. Special handling is required.

WARN: ArkTS:WARN File: D:/Arkts/3.8.11/legado-harmonydsh/entry/src/main/ets/pages/view/Reader/ReaderPage3.ets:3566:38
 Function may throw exceptions. Special handling is required.

WARN: ArkTS:WARN File: D:/Arkts/3.8.11/legado-harmonydsh/entry/src/main/ets/pages/view/Reader/ReaderPage3.ets:3738:23
 Function may throw exceptions. Special handling is required.

WARN: ArkTS:WARN File: D:/Arkts/3.8.11/legado-harmonydsh/entry/src/main/ets/pages/view/Reader/ReaderPage3.ets:3754:26
 Function may throw exceptions. Special handling is required.

WARN: ArkTS:WARN File: D:/Arkts/3.8.11/legado-harmonydsh/entry/src/main/ets/pages/view/Reader/ReaderPage3.ets:3958:45
 Function may throw exceptions. Special handling is required.

WARN: ArkTS:WARN File: D:/Arkts/3.8.11/legado-harmonydsh/entry/src/main/ets/pages/view/Reader/ReaderPage3.ets:3979:63
 Function may throw exceptions. Special handling is required.

WARN: ArkTS:WARN File: D:/Arkts/3.8.11/legado-harmonydsh/entry/src/main/ets/common/utils/requestUtils.ets:79:35
 'decodeWithStream' has been deprecated.

WARN: ArkTS:WARN File: D:/Arkts/3.8.11/legado-harmonydsh/entry/src/main/ets/componets/search/SearchBookList.ets:160:21
 Function may throw exceptions. Special handling is required.

WARN: ArkTS:WARN File: D:/Arkts/3.8.11/legado-harmonydsh/entry/src/main/ets/componets/search/SearchBookList.ets:165:26
 'decodeWithStream' has been deprecated.

WARN: ArkTS:WARN File: D:/Arkts/3.8.11/legado-harmonydsh/entry/src/main/ets/componets/myCenter/readStatisticsDataList.ets:194:40
> hvigor [32mFinished :entry:default@CompileArkTS... after 3 s 235 ms [39m
 'screenX' has been deprecated.

WARN: ArkTS:WARN File: D:/Arkts/3.8.11/legado-harmonydsh/entry/src/main/ets/componets/myCenter/readStatisticsDataList.ets:195:40
 'screenY' has been deprecated.

WARN: ArkTS:WARN File: D:/Arkts/3.8.11/legado-harmonydsh/entry/src/main/ets/componets/myCenter/readStatisticsDataList.ets:197:46
 'screenX' has been deprecated.

WARN: ArkTS:WARN File: D:/Arkts/3.8.11/legado-harmonydsh/entry/src/main/ets/componets/myCenter/readStatisticsDataList.ets:198:46
 'screenY' has been deprecated.

WARN: ArkTS:WARN File: D:/Arkts/3.8.11/legado-harmonydsh/entry/src/main/ets/pages/view/myCenter/readStatistics.ets:283:45
 Function may throw exceptions. Special handling is required.


> hvigor [32mUP-TO-DATE :entry:default@GeneratePkgModuleJson...  [39m
> hvigor [32mFinished :entry:default@ProcessCompiledResources... after 1 ms [39m
> hvigor [32mFinished :entry:default@PackageHap... after 554 ms [39m
> hvigor [32mFinished :entry:default@PackingCheck... after 8 ms [39m
> hvigor [32mFinished :entry:default@SignHap... after 390 ms [39m
> hvigor [32mFinished :entry:default@CollectDebugSymbol... after 4 ms [39m
> hvigor [32mFinished :entry:assembleHap... after 1 ms [39m
> hvigor [32mBUILD SUCCESSFUL in 4 s 506 ms [39m

41 tasks in total: 20 executed, 21 up-to-date

Merged central compile_commands.json for C++ language server.

Build completed successfully

New version 1.3.3 available, run `devecocli update` to upgrade
